Date,Value
12/18/2020,73.51088996
12/17/2020,73.5881104
12/16/2020,73.65083272
12/15/2020,73.59143328
12/14/2020,73.54916954
12/11/2020,73.77793354
12/10/2020,73.6702435
12/9/2020,73.67412668
12/8/2020,73.63628859
12/7/2020,73.90212731
12/4/2020,73.7523645
12/3/2020,73.82849148
12/2/2020,73.73570363
12/1/2020,73.65767045
11/30/2020,74.06694491
11/27/2020,74.06601241
11/26/2020,73.83655462
11/25/2020,73.88898234
11/24/2020,74.08723135
11/23/2020,74.03075372
11/20/2020,74.13048976
11/19/2020,74.20300879
11/18/2020,74.15824065
11/17/2020,74.46768221
11/16/2020,74.45435334
11/13/2020,74.6390182
11/12/2020,74.68916971
11/11/2020,74.41951385
11/10/2020,74.24330962
11/9/2020,73.75073635
11/6/2020,74.14363943
11/5/2020,74.0113876
11/4/2020,74.3925433
11/3/2020,74.40565715
11/2/2020,74.45545829
10/30/2020,74.46700291
10/29/2020,74.40746753
10/28/2020,74.02063614
10/27/2020,73.66759635
10/26/2020,74.07437177
10/23/2020,73.65426788
10/22/2020,73.692581
10/21/2020,73.72131286
10/20/2020,73.53640982
10/19/2020,73.3088672
10/16/2020,73.30849161
10/15/2020,73.47495298
10/14/2020,73.27617021
10/13/2020,73.32230423
10/12/2020,73.29095686
10/9/2020,73.0805426
10/8/2020,73.25626859
10/7/2020,73.29056924
10/6/2020,73.3967783
10/5/2020,73.15346703
10/2/2020,73.34825234
10/1/2020,73.03224983
9/30/2020,73.70942945
9/29/2020,73.72671338
9/28/2020,73.71508141
9/25/2020,73.6784425
9/24/2020,73.94976385
9/23/2020,73.5413103
9/22/2020,73.4770017
9/21/2020,73.55137015
9/18/2020,73.53502916
9/17/2020,73.62973637
9/16/2020,73.52472828
9/15/2020,73.59611504
9/14/2020,73.54454362
9/11/2020,73.59802598
9/10/2020,73.45261203
9/9/2020,73.56366262
9/8/2020,73.91260076
9/7/2020,73.4510318
9/4/2020,73.19540618
9/3/2020,73.53043257
9/2/2020,73.19998314
9/1/2020,72.9194127
8/31/2020,73.25670017
8/28/2020,73.19555183
8/27/2020,73.91622904
8/26/2020,74.31758419
8/25/2020,74.24792619
8/24/2020,74.08795476
8/21/2020,74.94094655
8/20/2020,75.09873418
8/19/2020,74.84790078
8/18/2020,74.65059634
8/17/2020,74.824517
8/14/2020,74.89037501
8/13/2020,74.84492521
8/12/2020,74.80333022
8/11/2020,74.56674871
8/10/2020,74.90648644
8/7/2020,75.00465431
8/6/2020,74.95144811
8/5/2020,74.83465497
8/4/2020,75.12154696
8/3/2020,75.20083575
7/31/2020,74.81051654
7/30/2020,74.88716682
7/29/2020,74.79232409
7/28/2020,74.86045916
7/27/2020,74.73214286
7/24/2020,74.83287388
7/23/2020,74.83533581
7/22/2020,74.52755225
7/21/2020,74.61373766
7/20/2020,74.80389588
7/17/2020,74.96499825
7/16/2020,75.21946732
7/15/2020,75.12320867
7/14/2020,75.4043956
7/13/2020,75.21934857
7/10/2020,75.24033345
7/9/2020,74.98280727
7/8/2020,75.00044303
7/7/2020,74.81355182
7/6/2020,74.57262693
7/3/2020,74.68014968
7/2/2020,74.74215843
7/1/2020,75.55535714
6/30/2020,75.57019111
6/29/2020,75.49805034
6/26/2020,75.64567912
6/25/2020,75.63571429
6/24/2020,75.64583333
6/23/2020,75.48860223
6/22/2020,76.03540533
6/19/2020,76.13916146
6/18/2020,76.34378899
6/17/2020,76.1667557
6/16/2020,76.09480014
6/15/2020,76.00417666
6/12/2020,75.89127742
6/11/2020,75.83450828
6/10/2020,75.51912088
6/9/2020,75.53435452
6/8/2020,75.53478068
6/5/2020,75.57811121
6/4/2020,75.49511111
6/3/2020,75.49178131
6/2/2020,75.20941471
6/1/2020,75.51097517
5/29/2020,75.5230783
5/28/2020,75.76570443
5/27/2020,75.7392412
5/26/2020,75.55990888
5/25/2020,75.8868011
5/22/2020,75.86803008
5/21/2020,75.50409091
5/20/2020,75.61918233
5/19/2020,75.6652968
5/18/2020,75.83410266
5/15/2020,75.92933877
5/14/2020,75.60415122
5/13/2020,75.29425287
5/12/2020,75.14551483
5/11/2020,75.84626755
5/8/2020,75.5893203
5/7/2020,75.83093759
5/6/2020,75.85962802
5/5/2020,75.75717052
5/4/2020,75.65984281
4/30/2020,75.03751379
4/29/2020,75.65163254
4/28/2020,75.86834605
4/27/2020,76.13297088
4/24/2020,76.26481481
4/23/2020,76.06758262
4/22/2020,76.53308181
4/21/2020,76.93642152
4/20/2020,76.55939227
4/17/2020,76.47928177
4/16/2020,76.87821455
4/15/2020,76.50554893
4/14/2020,76.15981027
4/9/2020,76.31130947
4/8/2020,76.23309723
4/7/2020,75.56453836
4/6/2020,76.08748031
4/3/2020,76.23180343
4/2/2020,76.40381441
4/1/2020,76.44513533
3/31/2020,75.66493246
3/30/2020,75.67518579
3/27/2020,75.49375968
3/26/2020,75.16118751
3/25/2020,76.38219267
3/24/2020,75.95499401
3/23/2020,76.16201428
3/20/2020,75.15176987
3/19/2020,75.12267383
3/18/2020,74.2047741
3/17/2020,74.2733564
3/16/2020,74.22022049
3/13/2020,73.73604107
3/12/2020,74.25978648
3/11/2020,73.67810515
3/10/2020,73.84547849
3/9/2020,74.16201117
3/6/2020,73.73500353
3/5/2020,73.43613122
3/4/2020,73.26067416
3/3/2020,73.24727894
3/2/2020,72.75400108
2/28/2020,72.22829553
2/27/2020,71.63261583
2/26/2020,71.65011494
2/25/2020,71.70110701
2/24/2020,71.94167129
2/21/2020,71.98777891
2/20/2020,71.61677479
2/19/2020,71.51342593
2/18/2020,71.55140533
2/17/2020,71.38163359
2/14/2020,71.44991699
2/13/2020,71.2703598
2/12/2020,71.31619938
2/11/2020,71.27281901
2/10/2020,71.32407999
2/7/2020,71.43996718
2/6/2020,71.14832318
2/5/2020,71.15395083
2/4/2020,71.24547429
2/3/2020,71.3930056
1/31/2020,71.39477018
1/30/2020,71.63931453
1/29/2020,71.28170166
1/28/2020,71.28986824
1/27/2020,71.42176871
1/24/2020,71.29134572
1/23/2020,71.31593184
1/22/2020,71.12779582
1/21/2020,71.19613135
1/20/2020,71.07262066
1/17/2020,71.08093266
1/16/2020,70.92935804
1/15/2020,70.79743314
1/14/2020,70.8308592
1/13/2020,70.84531727
1/10/2020,70.9507709
1/9/2020,71.25292529
1/8/2020,71.71300045
1/7/2020,71.84479055
1/6/2020,71.92915848
1/3/2020,71.77581412
1/2/2020,71.38970785
12/31/2019,71.37884992
12/30/2019,71.33077129
12/27/2019,71.40410652
12/24/2019,71.25676895
12/23/2019,71.28261851
12/20/2019,71.19356583
12/19/2019,71.09112171
12/18/2019,70.98065677
12/17/2019,70.95816162
12/16/2019,70.97281536
12/13/2019,70.75442993
12/12/2019,70.87680704
12/11/2019,70.80045147
12/10/2019,70.92263248
12/9/2019,71.06726862
12/6/2019,71.24887326
12/5/2019,71.22723995
12/4/2019,71.52919412
12/3/2019,71.74600307
12/2/2019,71.64882518
11/29/2019,71.65133855
11/28/2019,71.61244889
11/27/2019,71.35025888
11/26/2019,71.52132486
11/25/2019,71.70875727
11/22/2019,71.68656177
11/21/2019,71.74060049
11/20/2019,71.81752419
11/19/2019,71.67780085
11/18/2019,71.8072507
11/15/2019,71.74460758
11/14/2019,71.92870783
11/13/2019,72.06887152
11/12/2019,71.69223786
11/11/2019,71.54288561
11/8/2019,71.28149357
11/7/2019,70.91179922
11/6/2019,70.95175834
11/5/2019,70.68953101
11/4/2019,70.72996953
11/1/2019,70.75680043
10/31/2019,70.92746997
10/30/2019,70.92607599
10/29/2019,70.85624155
10/28/2019,70.74546766
10/25/2019,70.90258396
10/24/2019,71.01186197
10/23/2019,70.86622314
10/22/2019,70.91150045
10/21/2019,70.85742415
10/18/2019,71.13558866
10/17/2019,71.15855305
10/16/2019,71.44489796
10/15/2019,71.49632052
10/14/2019,71.18529598
10/11/2019,71.07443629
10/10/2019,71.03853128
10/9/2019,71.06274474
10/8/2019,71.13052977
10/7/2019,70.99381425
10/4/2019,70.90035522
10/3/2019,70.96657839
10/2/2019,71.23798627
10/1/2019,71.10662507
9/30/2019,70.86187896
9/27/2019,70.478738
9/26/2019,70.90875846
9/25/2019,71.04489164
9/24/2019,70.94746887
9/23/2019,70.95175239
9/20/2019,70.98141432
9/19/2019,71.32330351
9/18/2019,71.20872161
9/17/2019,71.78215128
9/16/2019,71.60048953
9/13/2019,70.96386085
9/12/2019,71.14658396
9/11/2019,71.68226847
9/10/2019,71.90353261
9/9/2019,71.677241
9/6/2019,71.71533509
9/5/2019,71.81452342
9/4/2019,72.05391178
9/3/2019,72.41199598
9/2/2019,71.92924872
8/30/2019,71.43575571
8/29/2019,71.65959176
8/28/2019,71.81313724
8/27/2019,71.52602666
8/26/2019,72.025009
8/23/2019,71.67103479
8/22/2019,71.81178381
8/21/2019,71.56475144
8/20/2019,71.72354641
8/19/2019,71.40412501
8/16/2019,71.14842904
8/15/2019,71.31883408
8/14/2019,71.27502681
8/13/2019,71.45473178
8/12/2019,71.23994997
8/9/2019,70.81041257
8/8/2019,70.73617439
8/7/2019,70.88198536
8/6/2019,70.8098686
8/5/2019,70.78599535
8/2/2019,69.6380335
8/1/2019,69.10573525
7/31/2019,68.77993005
7/30/2019,68.81611978
7/29/2019,68.77776778
7/26/2019,68.89926378
7/25/2019,68.98335583
7/24/2019,68.96633752
7/23/2019,68.92956234
7/22/2019,68.93312528
7/19/2019,68.81747728
7/18/2019,68.89934023
7/17/2019,68.86625056
7/16/2019,68.68662568
7/15/2019,68.52471382
7/12/2019,68.64125122
7/11/2019,68.36464333
7/10/2019,68.58377897
7/9/2019,68.52387327
7/8/2019,68.56486848
7/5/2019,68.48090586
7/4/2019,68.50947909
7/3/2019,68.8453024
7/2/2019,68.95672949
7/1/2019,68.93647017
6/28/2019,69.00175747
6/27/2019,69.10070361
6/26/2019,69.15199789
6/25/2019,69.34711978
6/24/2019,69.41065473
6/21/2019,69.54621774
6/20/2019,69.43176793
6/19/2019,69.66672615
6/18/2019,69.72423349
6/17/2019,69.94570055
6/14/2019,69.7807368
6/13/2019,69.5141288
6/12/2019,69.31996821
6/11/2019,69.44832155
6/10/2019,69.59074418
6/7/2019,69.48638339
6/6/2019,69.25084325
6/5/2019,69.33241539
6/4/2019,69.25827108
6/3/2019,69.26419312
5/31/2019,69.71661734
5/30/2019,69.88638405
5/29/2019,69.82117246
5/28/2019,69.6055218
5/27/2019,69.52893374
5/24/2019,69.5450076
5/23/2019,69.94793069
5/22/2019,69.69832602
5/21/2019,69.69178389
5/20/2019,69.65702516
5/17/2019,70.20497673
5/16/2019,70.04284567
5/15/2019,70.35545024
5/14/2019,70.4057545
5/13/2019,70.55758115
5/10/2019,69.99777382
5/9/2019,69.99329938
5/8/2019,69.70228531
5/7/2019,69.41439428
5/6/2019,69.4102152
5/3/2019,69.25952488
5/2/2019,69.37388512
4/30/2019,69.58593332
4/29/2019,69.83273543
4/26/2019,70.01661726
4/25/2019,70.28589409
4/24/2019,69.85012044
4/23/2019,69.64206314
4/18/2019,69.39377778
4/17/2019,69.42482966
4/16/2019,69.56612119
4/15/2019,69.42499779
4/12/2019,69.15599329
4/11/2019,68.96795099
4/10/2019,69.15019062
4/9/2019,69.33404274
4/8/2019,69.64387338
4/5/2019,69.24864239
4/4/2019,69.16213566
4/3/2019,68.42524237
4/2/2019,68.753125
4/1/2019,69.32048772
3/29/2019,69.17578994
3/28/2019,69.33187734
3/27/2019,69.14128408
3/26/2019,68.86502524
3/25/2019,68.91479029
3/22/2019,68.97717218
3/21/2019,68.56195662
3/20/2019,68.8180377
3/19/2019,68.98309562
3/18/2019,68.53555379
3/15/2019,69.04315529
3/14/2019,69.47587428
3/13/2019,69.59391312
3/12/2019,69.63858093
3/11/2019,69.85681252
3/8/2019,70.15950811
3/7/2019,69.98846597
3/6/2019,70.26271561
3/5/2019,70.55874305
3/4/2019,70.88559584
3/1/2019,70.89080207
2/28/2019,70.85800631
2/27/2019,71.27920253
2/26/2019,71.16715078
2/25/2019,70.92162043
2/22/2019,71.12847682
2/21/2019,71.11458517
2/20/2019,71.15455828
2/19/2019,71.45254117
2/18/2019,71.40139477
2/15/2019,71.36856128
2/14/2019,71.17767128
2/13/2019,70.82352941
2/12/2019,70.64536119
2/11/2019,71.13626315
2/8/2019,71.27225454
2/7/2019,71.47245483
2/6/2019,71.57582938
2/5/2019,71.64448919
2/4/2019,71.81345566
2/1/2019,71.28497951
1/31/2019,71.10550139
1/30/2019,71.17945577
1/29/2019,71.18368062
1/28/2019,71.14380802
1/25/2019,71.06821787
1/24/2019,71.11894895
1/23/2019,71.30597343
1/22/2019,71.3810111
1/21/2019,71.23173737
1/18/2019,71.11690931
1/17/2019,71.05694981
1/16/2019,71.12608657
1/15/2019,71.10556723
1/14/2019,70.82890032
1/11/2019,70.53455302
1/10/2019,70.39488513
1/9/2019,70.39415103
1/8/2019,70.14423077
1/7/2019,69.62822193
1/4/2019,69.65842322
1/3/2019,70.15156856
1/2/2019,70.18118803
12/31/2018,69.6330131
12/28/2018,70.04147023
12/27/2018,70.26852422
12/24/2018,70.14288219
12/21/2018,70.12440862
12/20/2018,69.81835648
12/19/2018,70.24638317
12/18/2018,70.53968533
12/17/2018,71.61008729
12/14/2018,71.97607444
12/13/2018,71.61023657
12/12/2018,71.99894236
12/11/2018,71.90570349
12/10/2018,72.40997812
12/7/2018,70.80204028
12/6/2018,70.91445688
12/5/2018,70.51787916
12/4/2018,70.53378911
12/3/2018,70.41210731
11/30/2018,69.62012501
11/29/2018,69.84895056
11/28/2018,70.58046792
11/27/2018,70.7644774
11/26/2018,70.87784916
11/23/2018,70.65186751
11/22/2018,70.68709989
11/21/2018,71.30511
11/20/2018,71.49111286
11/19/2018,71.65704034
11/16/2018,71.896263
11/15/2018,71.97700133
11/14/2018,72.30347025
11/13/2018,72.67471805
11/12/2018,72.89001332
11/9/2018,72.50484752
11/8/2018,72.40852591
11/7/2018,72.49934709
11/6/2018,72.95983549
11/5/2018,73.08003518
11/2/2018,72.44328633
11/1/2018,73.44860879
10/31/2018,73.97994345
10/30/2018,73.62645093
10/29/2018,73.42017397
10/26/2018,73.45967387
10/25/2018,73.2765417
10/24/2018,73.16313987
10/23/2018,73.5698728
10/22/2018,73.55663825
10/19/2018,73.34176112
10/18/2018,73.60712734
10/17/2018,73.62662619
10/16/2018,73.46163804
10/15/2018,73.80493912
10/12/2018,73.56531882
10/11/2018,74.09200864
10/10/2018,74.22652174
10/9/2018,74.40664626
10/8/2018,74.06168322
10/5/2018,73.77324874
10/4/2018,73.57676926
10/3/2018,73.36075511
10/2/2018,73.37780473
10/1/2018,72.91185594
9/28/2018,72.49136144
9/27/2018,72.59161186
9/26/2018,72.60713981
9/25/2018,72.69465908
9/24/2018,72.6802854
9/21/2018,72.19193809
9/20/2018,72.0120656
9/19/2018,72.38493186
9/18/2018,72.97683167
9/17/2018,72.51777911
9/14/2018,71.81623749
9/13/2018,72.03098107
9/12/2018,72.22313336
9/11/2018,72.65984102
9/10/2018,72.45484401
9/7/2018,71.73482566
9/6/2018,71.9593433
9/5/2018,71.75228803
9/4/2018,71.5849334
9/3/2018,71.2150056
8/31/2018,71.00205991
8/30/2018,70.74495381
8/29/2018,70.61792453
8/28/2018,70.10802733
8/27/2018,70.16504771
8/24/2018,69.9098205
8/23/2018,70.11097677
8/22/2018,69.89497245
8/21/2018,69.81524952
8/20/2018,69.82486865
8/17/2018,70.1602142
8/16/2018,70.19085312
8/15/2018,69.92624326
8/14/2018,69.90312116
8/13/2018,70.01710076
8/10/2018,68.83030726
8/9/2018,68.64702838
8/8/2018,68.62498921
8/7/2018,68.68212377
8/6/2018,68.86424673
8/3/2018,68.61580946
8/2/2018,68.68511664
8/1/2018,68.37423051
7/31/2018,68.54507498
7/30/2018,68.63788086
7/27/2018,68.68516129
7/26/2018,68.6650734
7/25/2018,68.7459367
7/24/2018,68.94754827
7/23/2018,68.85711847
7/20/2018,68.8269066
7/19/2018,69.05031067
7/18/2018,68.62802515
7/17/2018,68.45519774
7/16/2018,68.55930034
7/13/2018,68.48063214
7/12/2018,68.5199005
7/11/2018,68.7724755
7/10/2018,68.82694442
7/9/2018,68.67291543
7/6/2018,68.8723985
7/5/2018,68.94696387
7/4/2018,68.73990723
7/3/2018,68.52207458
7/2/2018,68.79499957
6/29/2018,68.46200034
6/28/2018,68.79305879
6/27/2018,68.60709366
6/26/2018,68.29120973
6/25/2018,68.07264957
6/22/2018,67.84855769
6/21/2018,67.96195181
6/20/2018,68.11193643
6/19/2018,68.37783943
6/18/2018,68.03969689
6/15/2018,68.01526388
6/14/2018,67.59803922
6/13/2018,67.60795648
6/12/2018,67.44273838
6/11/2018,67.42832909
6/8/2018,67.50212694
6/7/2018,67.11557959
6/6/2018,66.91967701
6/5/2018,67.14989293
6/4/2018,67.06313368
6/1/2018,67.11286314
5/31/2018,67.35789384
5/30/2018,67.38995873
5/29/2018,67.83699602
5/28/2018,67.44074201
5/25/2018,67.79486081
5/24/2018,68.37738745
5/23/2018,68.41945678
5/22/2018,68.00958114
5/21/2018,68.1418488
5/18/2018,68.00059418
5/17/2018,67.73782296
5/16/2018,67.7974372
5/15/2018,68.05688799
5/14/2018,67.52961295
5/11/2018,67.33702028
5/10/2018,67.25921872
5/9/2018,67.26239582
5/8/2018,67.08508846
5/7/2018,67.1349353
5/4/2018,66.86189322
5/3/2018,66.62483322
5/2/2018,66.66569501
4/30/2018,66.37014654
4/27/2018,66.66487158
4/26/2018,66.75213675
4/25/2018,66.97537957
4/24/2018,66.38540899
4/23/2018,66.41975813
4/20/2018,66.1223495
4/19/2018,65.78743337
4/18/2018,65.66515983
4/17/2018,65.6372906
4/16/2018,65.49514956
4/13/2018,65.20743688
4/12/2018,65.2576483
4/11/2018,65.30482881
4/10/2018,64.99271904
4/9/2018,64.98252601
4/6/2018,64.96730423
4/5/2018,64.9274062
4/4/2018,65.13033561
4/3/2018,65.00974976
3/29/2018,65.1700349
3/28/2018,65.17220519
3/27/2018,64.97495152
3/26/2018,64.87027637
3/23/2018,65.00485987
3/22/2018,65.1047418
3/21/2018,65.20999512
3/20/2018,65.19794721
3/19/2018,65.19254204
3/16/2018,64.92724169
3/15/2018,64.95016611
3/14/2018,64.83749697
3/13/2018,64.8602359
3/12/2018,65.01259958
3/9/2018,65.19526483
3/8/2018,65.13002174
3/7/2018,64.89329146
3/6/2018,64.92990089
3/5/2018,65.10725603
3/2/2018,65.2375731
3/1/2018,65.17500616
2/28/2018,65.18994596
2/27/2018,64.8752134
2/26/2018,64.77516234
2/23/2018,64.76258232
2/22/2018,65.07779407
2/21/2018,64.75755361
2/20/2018,64.83225284
2/19/2018,64.25261886
2/16/2018,64.22015404
2/15/2018,63.9149924
2/14/2018,64.0723194
2/13/2018,64.27714263
2/12/2018,64.33499144
2/9/2018,64.37260653
2/8/2018,64.29276853
2/7/2018,64.2450154
2/6/2018,64.27244708
2/5/2018,64.10249196
2/2/2018,64.05739673
2/1/2018,64.02279477
1/31/2018,63.56265554
1/30/2018,63.64785444
1/29/2018,63.57985298
1/26/2018,63.61008363
1/25/2018,63.56492303
1/24/2018,63.69251943
1/23/2018,63.77500204
1/22/2018,63.91249285
1/19/2018,63.84251326
1/18/2018,63.8504291
1/17/2018,63.92772269
1/16/2018,64.04742437
1/15/2018,63.51755315
1/12/2018,63.60014831
1/11/2018,63.68769244
1/10/2018,63.5948966
1/9/2018,63.71228629
1/8/2018,63.50747515
1/5/2018,63.36986301
1/4/2018,63.40489018
1/3/2018,63.49954254
1/2/2018,63.48984666
12/29/2017,63.87517719
12/28/2017,64.07993967
12/27/2017,64.15510719
12/22/2017,64.03990551
12/21/2017,64.02521292
12/20/2017,64.11777121
12/19/2017,64.02985706
12/18/2017,64.23442136
12/15/2017,64.04243605
12/14/2017,64.3701984
12/13/2017,64.43166326
12/12/2017,64.39741628
12/11/2017,64.41208884
12/8/2017,64.45026401
12/7/2017,64.57746479
12/6/2017,64.51975967
12/5/2017,64.40575673
12/4/2017,64.3986515
12/1/2017,64.49726546
11/30/2017,64.46746561
11/29/2017,64.31216708
11/28/2017,64.41747981
11/27/2017,64.50217537
11/24/2017,64.68005389
11/23/2017,64.57798785
11/22/2017,64.89999149
11/21/2017,64.91764806
11/20/2017,65.10270775
11/17/2017,65.01229334
11/16/2017,65.32240251
11/15/2017,65.21537162
11/14/2017,65.40229885
11/13/2017,65.45212766
11/10/2017,65.16217608
11/9/2017,64.96990542
11/8/2017,64.98748921
11/7/2017,64.99481059
11/6/2017,64.67256255
11/3/2017,64.52260444
11/2/2017,64.6019751
11/1/2017,64.59955219
10/31/2017,64.74995704
10/30/2017,64.89493627
10/27/2017,65.05988798
10/26/2017,64.86003574
10/25/2017,64.92490454
10/24/2017,65.11266049
10/23/2017,65.0225724
10/20/2017,65.00998477
10/19/2017,65.02788575
10/18/2017,65.05277045
10/17/2017,65.03061485
10/16/2017,64.74243836
10/13/2017,64.95554615
10/12/2017,65.03002699
10/11/2017,65.14454776
10/10/2017,65.24709672
10/9/2017,65.35203474
10/6/2017,65.38310413
10/5/2017,65.14776018
10/4/2017,65.021634
10/3/2017,65.50412661
10/2/2017,65.30696526
9/29/2017,65.27951889
9/28/2017,65.47376465
9/27/2017,65.71246061
9/26/2017,65.49037075
9/25/2017,65.10786214
9/22/2017,64.7947496
9/21/2017,64.80428391
9/20/2017,64.29291247
9/19/2017,64.33127297
9/18/2017,64.13751255
9/15/2017,64.08300593
9/14/2017,64.12242322
9/13/2017,63.99991652
9/12/2017,64.05639822
9/11/2017,63.91097774
9/8/2017,63.78482587
9/7/2017,64.01511987
9/6/2017,64.11239628
9/5/2017,64.127418
9/4/2017,64.0398992
9/1/2017,64.03313758
8/31/2017,63.93192389
8/30/2017,64.02526015
8/29/2017,64.02224436
8/28/2017,63.9048218
8/25/2017,64.02227304
8/24/2017,64.03227173
8/23/2017,64.07958302
8/22/2017,64.09948178
8/21/2017,64.14293002
8/18/2017,64.14522998
8/17/2017,64.16987262
8/16/2017,64.19000854
8/15/2017,64.11997616
8/14/2017,64.11714843
8/11/2017,64.16999575
8/10/2017,64.10501193
8/9/2017,63.85985849
8/8/2017,63.64186558
8/7/2017,63.83021107
8/4/2017,63.6193967
8/3/2017,63.67706577
8/2/2017,63.68010821
8/1/2017,64.09964443
7/31/2017,64.1858958
7/28/2017,64.16190639
7/27/2017,64.15512228
7/26/2017,64.35717966
7/25/2017,64.38515478
7/24/2017,64.39775069
7/21/2017,64.33989005
7/20/2017,64.44057466
7/19/2017,64.29506633
7/18/2017,64.3331891
7/17/2017,64.34522771
7/14/2017,64.38458169
7/13/2017,64.44994307
7/12/2017,64.5353306
7/11/2017,64.59009206
7/10/2017,64.4950382
7/7/2017,64.57719944
7/6/2017,64.76284585
7/5/2017,64.79609851
7/4/2017,64.73795473
7/3/2017,64.85794705
6/30/2017,64.6201367
6/29/2017,64.58687462
6/28/2017,64.5578022
6/27/2017,64.51010818
6/26/2017,64.44802002
6/23/2017,64.53280229
6/22/2017,64.59978512
6/21/2017,64.50210819
6/20/2017,64.51281821
6/19/2017,64.42226985
6/16/2017,64.43225575
6/15/2017,64.60863335
6/14/2017,64.29974114
6/13/2017,64.3603459
6/12/2017,64.43988949
6/9/2017,64.24481031
6/8/2017,64.24125033
6/7/2017,64.34697334
6/6/2017,64.47281933
6/5/2017,64.36305449
6/2/2017,64.44281002
6/1/2017,64.46519298
5/31/2017,64.46306033
5/30/2017,64.65720934
5/29/2017,64.53789775
5/26/2017,64.50294748
5/25/2017,64.60228286
5/24/2017,64.73465559
5/23/2017,64.89478377
5/22/2017,64.53526639
5/19/2017,64.58717238
5/18/2017,65.04699434
5/17/2017,64.10092651
5/16/2017,64.06591916
5/15/2017,64.04711994
5/12/2017,64.30627069
5/11/2017,64.37016575
5/10/2017,64.54603933
5/9/2017,64.65604335
5/8/2017,64.31294569
5/5/2017,64.37825016
5/4/2017,64.18596138
5/3/2017,64.15788992
5/2/2017,64.22583601
4/28/2017,64.2831656
4/27/2017,64.11726863
4/26/2017,64.12283118
4/25/2017,64.28518961
4/24/2017,64.44782448
4/21/2017,64.60880538
4/20/2017,64.6230805
4/19/2017,64.56223776
4/18/2017,64.60213443
4/13/2017,64.43226717
4/12/2017,64.67656766
4/11/2017,64.48285607
4/10/2017,64.55993572
4/7/2017,64.32502352
4/6/2017,64.51809488
4/5/2017,64.89323843
4/4/2017,65.18167308
4/3/2017,64.98499203
3/31/2017,64.91114021
3/30/2017,64.90732979
3/29/2017,64.90416822
3/28/2017,65.05525371
3/27/2017,65.03535678
3/24/2017,65.38824618
3/23/2017,65.46402744
3/22/2017,65.42009808
3/21/2017,65.25921126
3/20/2017,65.36504836
3/17/2017,65.42889075
3/16/2017,65.37432407
3/15/2017,65.66324609
3/14/2017,65.76709623
3/13/2017,66.1610241
3/10/2017,66.6344522
3/9/2017,66.72305943
3/8/2017,66.7828723
3/7/2017,66.63199697
3/6/2017,66.64983006
3/3/2017,66.81684808
3/2/2017,66.7681187
3/1/2017,66.83376056
2/28/2017,66.64999528
2/27/2017,66.69689242
2/24/2017,66.60806862
2/23/2017,66.72325735
2/22/2017,66.98658803
2/21/2017,66.93556041
2/20/2017,66.93905426
2/17/2017,67.1
2/16/2017,66.99680811
2/15/2017,66.88820464
2/14/2017,66.81304716
2/13/2017,66.97525637
2/10/2017,66.93338978
2/9/2017,66.74148896
2/8/2017,67.14439756
2/7/2017,67.42201405
2/6/2017,67.16299477
2/3/2017,67.32101294
2/2/2017,67.23168024
2/1/2017,67.42724745
1/31/2017,67.68991167
1/30/2017,67.95061148
1/27/2017,68.06759667
1/26/2017,68.18411215
1/25/2017,68.08014521
1/24/2017,68.09545962
1/23/2017,68.15958936
1/20/2017,68.17390895
1/19/2017,68.13601425
1/18/2017,68.11374719
1/17/2017,67.98343317
1/16/2017,68.12063432
1/13/2017,68.16293031
1/12/2017,67.97967975
1/11/2017,68.39141198
1/10/2017,68.21756411
1/9/2017,68.16993153
1/6/2017,67.98989517
1/5/2017,67.93581564
1/4/2017,68.06457794
1/3/2017,68.36880116
1/2/2017,68.13951266
12/30/2016,67.91907789
12/29/2016,68.01396728
12/28/2016,68.2323815
12/27/2016,68.01627573
12/23/2016,67.80346544
12/22/2016,67.98209498
12/21/2016,67.88024182
12/20/2016,68.06976071
12/19/2016,67.85885627
12/16/2016,67.80007664
12/15/2016,67.80161244
12/14/2016,67.47886133
12/13/2016,67.53911404
12/12/2016,67.42969045
12/9/2016,67.56416327
12/8/2016,67.37177105
12/7/2016,67.64492078
12/6/2016,67.80091299
12/5/2016,68.1643618
12/2/2016,68.25596692
12/1/2016,68.35136915
11/30/2016,68.5086977
11/29/2016,68.69941377
11/28/2016,68.72024934
11/25/2016,68.53521526
11/24/2016,68.75663633
11/23/2016,68.73655914
11/22/2016,68.29518696
11/21/2016,68.14881008
11/18/2016,67.9433625
11/17/2016,67.86880657
11/16/2016,68.06858531
11/15/2016,67.75522527
11/14/2016,67.81107915
11/11/2016,67.25009171
11/10/2016,66.73565856
11/9/2016,66.57276356
11/8/2016,66.5958507
11/7/2016,66.75465558
11/4/2016,66.74434328
11/3/2016,66.74439624
11/2/2016,66.67057233
11/1/2016,66.70521542
10/31/2016,66.77690481
10/28/2016,66.79866325
10/27/2016,66.81934657
10/26/2016,66.84256293
10/25/2016,66.81107432
10/24/2016,66.8418878
10/21/2016,66.89785045
10/20/2016,66.79826958
10/19/2016,66.66271974
10/18/2016,66.7101792
10/17/2016,66.81508095
10/14/2016,66.74968188
10/13/2016,66.89391194
10/12/2016,66.79673321
10/11/2016,66.59084755
10/10/2016,66.51657706
10/7/2016,66.70601436
10/6/2016,66.73625391
10/5/2016,66.57291945
10/4/2016,66.48463399
10/3/2016,66.54147383
9/30/2016,66.62978228
9/29/2016,66.86614384
9/28/2016,66.45122494
9/27/2016,66.4701426
9/26/2016,66.64890783
9/23/2016,66.62297129
9/22/2016,66.62395444
9/21/2016,66.97757848
9/20/2016,67.02610873
9/19/2016,66.98029557
9/16/2016,67.02030999
9/15/2016,66.91754043
9/14/2016,66.92012837
9/13/2016,66.89517205
9/12/2016,66.90762516
9/9/2016,66.74032659
9/8/2016,66.38013456
9/7/2016,66.35712379
9/6/2016,66.49117304
9/5/2016,66.45751165
9/2/2016,66.79353167
9/1/2016,66.95944734
8/31/2016,66.97466762
8/30/2016,67.04002507
8/29/2016,67.17412713
8/26/2016,67.00354296
8/25/2016,67.04818423
8/24/2016,67.11643592
8/23/2016,67.06905371
8/22/2016,67.21386874
8/19/2016,67.17729119
8/18/2016,66.80787916
8/17/2016,66.86759489
8/16/2016,66.76414343
8/15/2016,66.88542039
8/12/2016,66.86404374
8/11/2016,66.84820228
8/10/2016,66.64073677
8/9/2016,66.88842751
8/8/2016,66.83503202
8/5/2016,66.77294729
8/4/2016,66.87679598
8/3/2016,66.895
8/2/2016,66.71401769
8/1/2016,66.70010749
7/29/2016,66.95491766
7/28/2016,67.04625789
7/27/2016,67.20953507
7/26/2016,67.32927162
7/25/2016,67.3487525
7/22/2016,67.07672054
7/21/2016,67.21497957
7/20/2016,67.20448561
7/19/2016,67.13402809
7/18/2016,67.1996743
7/15/2016,67.02462257
7/14/2016,66.8584745
7/13/2016,67.02989523
7/12/2016,67.09520375
7/11/2016,67.14318038
7/8/2016,67.31093044
7/7/2016,67.42274368
7/6/2016,67.42099557
7/5/2016,67.47120043
7/4/2016,67.2530975
7/1/2016,67.32806466
6/30/2016,67.5196361
6/29/2016,67.60081154
6/28/2016,67.91926307
6/27/2016,67.95462811
6/24/2016,68.00469908
6/23/2016,67.30266046
6/22/2016,67.49561287
6/21/2016,67.57053208
6/20/2016,67.35615955
6/17/2016,67.08503643
6/16/2016,67.2999821
6/15/2016,67.11219947
6/14/2016,67.30957684
6/13/2016,67.10374512
6/10/2016,66.80820948
6/9/2016,66.73058274
6/8/2016,66.55036034
6/7/2016,66.74347903
6/6/2016,66.96581197
6/3/2016,67.25031379
6/2/2016,67.30157311
6/1/2016,67.45838554
5/31/2016,67.19652143
5/30/2016,67.13933028
5/27/2016,67.0370702
5/26/2016,67.08049785
5/25/2016,67.37843172
5/24/2016,67.6737106
5/23/2016,67.52233616
5/20/2016,67.47259114
5/19/2016,67.46610699
5/18/2016,66.97934214
5/17/2016,66.82143488
5/16/2016,66.84387142
5/13/2016,66.78048995
5/12/2016,66.66871543
5/11/2016,66.60837935
5/10/2016,66.6756044
5/9/2016,66.60465116
5/6/2016,66.63253697
5/5/2016,66.50450214
5/4/2016,66.589309
5/3/2016,66.39536693
5/2/2016,66.40433307
4/29/2016,66.38472332
4/28/2016,66.50026413
4/27/2016,66.46669026
4/26/2016,66.56977053
4/25/2016,66.60067472
4/22/2016,66.53866643
4/21/2016,66.27873184
4/20/2016,66.19825995
4/19/2016,66.55249934
4/18/2016,66.57880771
4/15/2016,66.59207728
4/14/2016,66.5346605
4/13/2016,66.60382369
4/12/2016,66.3987364
4/11/2016,66.4666374
4/8/2016,66.59948957
4/7/2016,66.62574798
4/6/2016,66.67078335
4/5/2016,66.45860825
4/4/2016,66.10500879
4/1/2016,66.35129461
3/31/2016,66.25366711
3/30/2016,66.38643589
3/29/2016,66.53055208
3/24/2016,66.86300879
3/23/2016,66.79572106
3/22/2016,66.67900464
3/21/2016,66.53650963
3/18/2016,66.28468836
3/17/2016,66.6422067
3/16/2016,67.23499638
3/15/2016,67.35826807
3/14/2016,67.06115658
3/11/2016,67.01262399
3/10/2016,66.92870959
3/9/2016,67.15027795
3/8/2016,67.30730867
3/7/2016,67.08892541
3/4/2016,67.08386509
3/3/2016,67.27502064
3/2/2016,67.53085851
3/1/2016,67.85320088
2/29/2016,68.316036
2/26/2016,68.69071416
2/25/2016,68.87503401
2/24/2016,68.56251707
2/23/2016,68.53835666
2/22/2016,68.56049338
2/19/2016,68.46746575
2/18/2016,68.51867557
2/17/2016,68.49856322
2/16/2016,68.42065198
2/15/2016,68.07200358
2/12/2016,68.2410643
2/11/2016,68.43659117
2/10/2016,67.85502354
2/9/2016,68.04458882
2/8/2016,68.0339609
2/5/2016,67.65372255
2/4/2016,67.69587721
2/3/2016,68.04170859
2/2/2016,67.98470556
2/1/2016,67.90701948
1/29/2016,67.86071429
1/28/2016,68.22498395
1/27/2016,68.04996326
1/26/2016,67.89674264
1/25/2016,67.77374018
1/22/2016,67.6299963
1/21/2016,67.99632792
1/20/2016,67.99550747
1/19/2016,67.61501656
1/18/2016,67.68876239
1/15/2016,67.7899945
1/14/2016,67.43009272
1/13/2016,66.86501479
1/12/2016,66.86997047
1/11/2016,66.80868846
1/8/2016,66.67949544
1/7/2016,66.89473684
1/6/2016,66.86296779
1/5/2016,66.58654383
1/4/2016,66.63332722
12/31/2015,66.15366951
12/30/2015,66.38751602
12/29/2015,66.33108108
12/28/2015,66.10253603
12/24/2015,66.21001188
12/23/2015,66.20996702
12/22/2015,66.24123448
12/21/2015,66.31554738
12/18/2015,66.40365449
12/17/2015,66.26694954
12/16/2015,66.71087533
12/15/2015,66.89363057
12/14/2015,67.14504234
12/11/2015,67.00630137
12/10/2015,66.74732706
12/9/2015,66.83995978
12/8/2015,66.83871264
12/7/2015,66.7337404
12/4/2015,66.77857274
12/3/2015,66.66132509
12/2/2015,66.54457218
12/1/2015,66.52103774
11/30/2015,66.66745439
11/27/2015,66.7721172
11/26/2015,66.56633999
11/25/2015,66.30030229
11/24/2015,66.33949864
11/23/2015,66.38124353
11/20/2015,66.19498503
11/19/2015,66.22999906
11/18/2015,66.22013876
11/17/2015,66.00955951
11/16/2015,65.99020796
11/13/2015,66.14641397
11/12/2015,66.31381689
11/11/2015,66.23553565
11/10/2015,66.2700028
11/9/2015,66.42251299
11/6/2015,65.90003682
11/5/2015,65.89175779
11/4/2015,65.4863283
11/3/2015,65.72786079
11/2/2015,65.58502538
10/30/2015,65.36761369
10/29/2015,65.36404392
10/28/2015,65.00090212
10/27/2015,64.96365609
10/26/2015,64.90645718
10/23/2015,64.82876218
10/22/2015,65.12631486
10/21/2015,65.1262991
10/20/2015,65.05750462
10/19/2015,64.80499426
10/16/2015,64.86716549
10/15/2015,64.8249847
10/14/2015,64.98378615
10/13/2015,65.1849833
10/12/2015,64.75248395
10/9/2015,64.80003521
10/8/2015,65.09614359
10/7/2015,64.89792295
10/6/2015,65.38257306
10/5/2015,65.3000178
10/2/2015,65.5125448
10/1/2015,65.51250785
9/30/2015,65.59002053
9/29/2015,65.99526955
9/28/2015,66.10483438
9/25/2015,66.15630885
9/24/2015,66.23912463
9/23/2015,65.98116592
9/22/2015,65.89583147
9/21/2015,65.71528889
9/18/2015,65.6737893
9/17/2015,66.25
9/16/2015,66.46001069
9/15/2015,66.36378092
9/14/2015,66.36178682
9/11/2015,66.46849485
9/10/2015,66.43370586
9/9/2015,66.41125774
9/8/2015,66.50241892
9/7/2015,66.85689934
9/4/2015,66.4953313
9/3/2015,66.24249711
9/2/2015,66.19378054
9/1/2015,66.30971876
8/31/2015,66.40196166
8/28/2015,66.16249556
8/27/2015,66.0450195
8/26/2015,66.19452728
8/25/2015,66.09629758
8/24/2015,66.77228842
8/21/2015,65.90320007
8/20/2015,65.5500313
8/19/2015,65.27370709
8/18/2015,65.31500904
8/17/2015,65.31504505
8/14/2015,65.00751947
8/13/2015,65.22909353
8/12/2015,64.71896011
8/11/2015,64.20497512
8/10/2015,63.87116788
8/7/2015,63.81500777
8/6/2015,63.7649977
8/5/2015,63.75503078
8/4/2015,63.75248337
8/3/2015,64.0437403
7/31/2015,64.13622686
7/30/2015,64.04116842
7/29/2015,63.9049864
7/28/2015,63.91501134
7/27/2015,64.17001266
7/24/2015,64.11957217
7/23/2015,63.76752432
7/22/2015,63.64098331
7/21/2015,63.61001196
7/20/2015,63.65508662
7/17/2015,63.47378088
7/16/2015,63.51090457
7/15/2015,63.42247252
7/14/2015,63.3400417
7/13/2015,63.5419495
7/10/2015,63.4
7/9/2015,63.38999457
7/8/2015,63.59633527
7/7/2015,63.48458512
7/6/2015,63.44458576
7/3/2015,63.43880678
7/2/2015,63.51247063
7/1/2015,63.60504505
6/30/2015,63.62257574
6/29/2015,63.83679152
6/26/2015,63.60096411
6/25/2015,63.58200964
6/24/2015,63.58833497
6/23/2015,63.61495894
6/22/2015,63.52578228
6/19/2015,63.56252766
6/18/2015,63.73246229
6/17/2015,64.13999468
6/16/2015,64.30931788
6/15/2015,64.16749866
6/12/2015,64.07959002
6/11/2015,63.98183761
6/10/2015,63.8748116
6/9/2015,63.97413103
6/8/2015,64.08887296
6/5/2015,63.79051524
6/4/2015,64.00653884
6/3/2015,63.90533501
6/2/2015,63.83597788
6/1/2015,63.69910453
5/29/2015,63.8006381
5/28/2015,63.82250367
5/27/2015,64.05118291
5/26/2015,63.92504119
5/25/2015,63.55993806
5/22/2015,63.47088857
5/21/2015,63.61277284
5/20/2015,63.79429754
5/19/2015,63.69883721
5/18/2015,63.66801299
5/15/2015,63.66163489
5/14/2015,63.68000701
5/13/2015,64.00998129
5/12/2015,64.28917163
5/11/2015,63.84401364
5/8/2015,63.9899296
5/7/2015,64.15559487
5/6/2015,63.53998219
5/5/2015,63.42916254
5/4/2015,63.66221306
4/30/2015,63.50004458
4/29/2015,63.42855844
4/28/2015,63.14496202
4/27/2015,63.56736278
4/24/2015,63.56254619
4/23/2015,63.32250278
4/22/2015,62.9451736
4/21/2015,62.90570093
4/20/2015,62.97304859
4/17/2015,62.39504346
4/16/2015,62.26057324
4/15/2015,62.37130164
4/14/2015,62.38640666
4/13/2015,62.42143669
4/10/2015,62.35572375
4/9/2015,62.19741971
4/8/2015,62.24498251
4/7/2015,62.31953536
4/2/2015,62.18190212
4/1/2015,62.49753603
3/31/2015,62.52793011
3/30/2015,62.62609497
3/27/2015,62.51842299
3/26/2015,62.72632826
3/25/2015,62.37141557
3/24/2015,62.32730594
3/23/2015,62.27749267
3/20/2015,62.33203415
3/19/2015,62.58302894
3/18/2015,62.76000755
3/17/2015,62.73211095
3/16/2015,62.87231221
3/13/2015,63.02799849
3/12/2015,62.44812965
3/11/2015,62.78133863
3/10/2015,62.78683181
3/9/2015,62.68047882
3/6/2015,62.39751893
3/5/2015,62.25476556
3/4/2015,62.26411363
3/3/2015,61.92191977
3/2/2015,61.94130222
2/27/2015,61.81690391
2/26/2015,61.7511708
2/25/2015,61.96747753
2/24/2015,62.20250706
2/23/2015,62.31501151
2/20/2015,62.23420074
2/19/2015,62.20988847
2/18/2015,62.30214562
2/17/2015,62.18948752
2/16/2015,62.21388499
2/13/2015,62.17002021
2/12/2015,62.27657133
2/11/2015,62.35548877
2/10/2015,62.19500752
2/9/2015,62.12993348
2/6/2015,61.71416092
2/5/2015,61.73847502
2/4/2015,61.83260528
2/3/2015,61.71642053
2/2/2015,61.86870027
1/30/2015,62.01972579
1/29/2015,61.9003977
1/28/2015,61.40497179
1/27/2015,61.38422077
1/26/2015,61.4275169
1/23/2015,61.49848187
1/22/2015,61.55896023
1/21/2015,61.57500216
1/20/2015,61.7065377
1/19/2015,61.7125377
1/16/2015,61.86201243
1/15/2015,61.78348138
1/14/2015,62.18878981
1/13/2015,62.04303174
1/12/2015,62.1640122
1/9/2015,62.32396512
1/8/2015,62.56798097
1/7/2015,63.17496408
1/6/2015,63.57226792
1/5/2015,63.46252623
1/2/2015,63.35630657
12/31/2014,63.1900173
12/30/2014,63.46101974
12/29/2014,63.67631385
12/24/2014,63.47401588
12/23/2014,63.29247523
12/22/2014,63.20001631
12/19/2014,63.30499226
12/18/2014,63.06650387
12/17/2014,63.62250964
12/16/2014,63.98803542
12/15/2014,63.23998069
12/12/2014,62.46401606
12/11/2014,62.4110074
12/10/2014,62.07496772
12/9/2014,61.96256771
12/8/2014,61.91997063
12/5/2014,61.78498625
12/4/2014,61.90098286
12/3/2014,61.80999108
12/2/2014,61.88296845
12/1/2014,62.03897666
11/28/2014,62.12200593
11/27/2014,61.875
11/26/2014,61.85002004
11/25/2014,61.89230522
11/24/2014,61.90902498
11/21/2014,61.655128
11/20/2014,61.92997847
11/19/2014,61.99401675
11/18/2014,61.75083906
11/17/2014,61.82802497
11/14/2014,61.81529431
11/13/2014,61.51999037
11/12/2014,61.43001524
11/11/2014,61.54499356
11/10/2014,61.50496556
11/7/2014,61.63616558
11/6/2014,61.48278341
11/5/2014,61.49927885
11/4/2014,61.40498642
11/3/2014,61.40502682
10/31/2014,61.36497924
10/30/2014,61.43403715
10/29/2014,61.28750883
10/28/2014,61.23250706
10/27/2014,61.30499251
10/24/2014,61.18500671
10/23/2014,61.18501855
10/22/2014,61.2260301
10/21/2014,61.20098731
10/20/2014,61.29499726
10/17/2014,61.43000858
10/16/2014,61.85802808
10/15/2014,61.42499605
10/14/2014,61.46101534
10/13/2014,60.99503115
10/10/2014,61.33502136
10/9/2014,60.9575335
10/8/2014,61.39185449
10/7/2014,61.42500198
10/6/2014,61.48030243
10/3/2014,61.81650285
10/2/2014,61.81648326
10/1/2014,61.7199873
9/30/2014,61.87427482
9/29/2014,61.61499095
9/26/2014,61.25047125
9/25/2014,61.42802077
9/24/2014,61
9/23/2014,60.95198573
9/22/2014,60.88703776
9/19/2014,60.82998755
9/18/2014,61.04296147
9/17/2014,60.91911084
9/16/2014,61.07552707
9/15/2014,61.12702347
9/12/2014,60.78184208
9/11/2014,60.95498144
9/10/2014,60.95498492
9/9/2014,60.60502248
9/8/2014,60.24870626
9/5/2014,60.40631758
9/4/2014,60.25347676
9/3/2014,60.41502547
9/2/2014,60.68997331
9/1/2014,60.5349882
8/29/2014,60.51713679
8/28/2014,60.62998938
8/27/2014,60.45116491
8/26/2014,60.51599454
8/25/2014,60.555
8/22/2014,60.52249943
8/21/2014,60.67101493
8/20/2014,60.70837097
8/19/2014,60.73326344
8/18/2014,60.84958529
8/15/2014,60.86652226
8/14/2014,60.83249832
8/13/2014,61.25
8/12/2014,61.30001499
8/11/2014,61.13514119
8/8/2014,61.19002091
8/7/2014,61.23249551
8/6/2014,61.47995504
8/5/2014,60.87998804
8/4/2014,60.93503204
8/1/2014,61.23553565
7/31/2014,60.55534793
7/30/2014,60.08924707
7/29/2014,60.17201579
7/28/2014,60.06201146
7/25/2014,60.09501488
7/24/2014,60.12997328
7/23/2014,60.04998143
7/22/2014,60.22001335
7/21/2014,60.30500074
7/18/2014,60.34003697
7/17/2014,60.17249538
7/16/2014,60.08003252
7/15/2014,60.10996841
7/14/2014,60.04997432
7/11/2014,59.99897021
7/10/2014,60.20604234
7/9/2014,59.76497831
7/8/2014,59.79314151
7/7/2014,60.01743673
7/4/2014,59.73498675
7/3/2014,59.64502418
7/2/2014,59.55499414
7/1/2014,60.07502922
6/30/2014,60.18619124
6/27/2014,60.10499266
6/26/2014,60.17999412
6/25/2014,60.13250092
6/24/2014,60.11998825
6/23/2014,60.15548691
6/20/2014,60.19347954
6/19/2014,60.03502203
6/18/2014,60.33001548
6/17/2014,60.13001179
6/16/2014,60.16996748
6/13/2014,59.78498596
6/12/2014,59.14503253
6/11/2014,59.31601092
6/10/2014,59.21310991
6/9/2014,59.08656673
6/6/2014,59.18252456
6/5/2014,59.19201002
6/4/2014,59.37220225
6/3/2014,59.40857457
6/2/2014,59.15627066
5/30/2014,59.08870434
5/29/2014,58.97443432
5/28/2014,58.92746914
5/27/2014,58.84000587
5/26/2014,58.71499817
5/23/2014,58.50858401
5/22/2014,58.45997951
5/21/2014,58.77997953
5/20/2014,58.63997957
5/19/2014,58.47612104
5/16/2014,58.91603388
5/15/2014,59.28999195
5/14/2014,59.46548582
5/13/2014,59.62307524
5/12/2014,60.04998184
5/9/2014,60.02503447
5/8/2014,59.94302301
5/7/2014,60.06498169
5/6/2014,60.09752599
5/5/2014,60.09802508
5/2/2014,60.23402106
4/30/2014,60.24
4/29/2014,60.42499638
4/28/2014,60.62996898
4/25/2014,60.6950329
4/24/2014,61.08502171
4/23/2014,61.13502964
4/22/2014,60.76999349
4/17/2014,60.32623602
4/16/2014,60.34949422
4/15/2014,60.23248569
4/14/2014,60.17632169
4/11/2014,60.17632641
4/10/2014,60.15598183
4/9/2014,60.13498623
4/8/2014,60.12501815
4/7/2014,60.19164906
4/4/2014,60.19708029
4/3/2014,60.17500545
4/2/2014,59.86248641
4/1/2014,59.96736766
3/31/2014,59.89149985
3/28/2014,60.30496402
3/27/2014,60.34147405
3/26/2014,60.10079037
3/25/2014,60.44890855
3/24/2014,60.78749818
3/21/2014,60.92503628
3/20/2014,61.33250981
3/19/2014,60.94501545
3/18/2014,61.14602216
3/17/2014,61.2944772
3/14/2014,61.19000288
3/13/2014,61.18003156
3/12/2014,61.21998992
3/11/2014,60.95379061
3/10/2014,60.84251855
3/7/2014,61.06103354
3/6/2014,61.11000364
3/5/2014,61.75502476
3/4/2014,61.86497676
3/3/2014,62.0209907
2/28/2014,61.75747484
2/27/2014,61.98498828
2/26/2014,62.13499927
2/25/2014,61.90351898
2/24/2014,62.06377867
2/21/2014,62.12738017
2/20/2014,62.36538742
2/19/2014,62.2262641
2/18/2014,62.10909621
2/17/2014,61.85750785
2/14/2014,61.94499161
2/13/2014,62.33638026
2/12/2014,62.10498784
2/11/2014,62.21877742
2/10/2014,62.35452412
2/7/2014,62.41859437
2/6/2014,62.42000741
2/5/2014,62.58000443
2/4/2014,62.52755381
2/3/2014,62.50629723
1/31/2014,62.657591
1/30/2014,62.68159717
1/29/2014,62.54482657
1/28/2014,62.51520258
1/27/2014,63.10147899
1/24/2014,62.6061226
1/23/2014,61.87843684
1/22/2014,61.88485921
1/21/2014,62.04347183
1/20/2014,61.57894737
1/17/2014,61.55035336
1/16/2014,61.56505111
1/15/2014,61.54328973
1/14/2014,61.48532963
1/13/2014,61.46696939
1/10/2014,61.9047619
1/9/2014,62.10769909
1/8/2014,62.02736501
1/7/2014,62.18752291
1/6/2014,62.24525805
1/3/2014,62.19891448
1/2/2014,62.26753551
12/31/2013,61.89978972
12/30/2013,61.89073496
12/27/2013,61.9827711
12/24/2013,61.79479684
12/23/2013,61.81798278
12/20/2013,62.04027829
12/19/2013,62.37579571
12/18/2013,62.10197105
12/17/2013,61.88377337
12/16/2013,61.75014518
12/13/2013,62.16580462
12/12/2013,62.00798548
12/11/2013,61.30529527
12/10/2013,61.02901818
12/9/2013,61.13467425
12/6/2013,61.60237172
12/5/2013,61.69265853
12/4/2013,61.95409064
12/3/2013,62.35749006
12/2/2013,62.31973995
11/29/2013,62.43038719
11/28/2013,62.41024132
11/27/2013,62.1550456
11/26/2013,62.48394478
11/25/2013,62.49519017
11/22/2013,62.87098683
11/21/2013,62.94017221
11/20/2013,62.48466031
11/19/2013,62.17967708
11/18/2013,62.30302582
11/15/2013,63.12035661
11/14/2013,63.34995534
11/13/2013,63.44092434
11/12/2013,63.69565217
11/11/2013,63.24025683
11/8/2013,62.76524458
11/7/2013,62.59034792
11/6/2013,62.43545165
11/5/2013,61.81339855
11/4/2013,62.21531171
11/1/2013,61.72861903
10/31/2013,61.48229602
10/30/2013,61.23736823
10/29/2013,61.47007554
10/28/2013,61.52495647
10/25/2013,61.52863468
10/24/2013,61.43643607
10/23/2013,61.65212333
10/22/2013,61.59134123
10/21/2013,61.56435209
10/18/2013,61.264981
10/17/2013,61.22017274
10/16/2013,61.84499668
10/15/2013,61.62009931
10/14/2013,61.43394279
10/11/2013,61.07990565
10/10/2013,61.18016553
10/9/2013,61.85571587
10/8/2013,61.79507955
10/7/2013,61.82729148
10/4/2013,61.52578533
10/3/2013,61.73973812
10/2/2013,62.59119497
10/1/2013,62.62284197
9/30/2013,62.82413921
9/27/2013,62.49759917
9/26/2013,62.07867249
9/25/2013,62.51110782
9/24/2013,62.98003414
9/23/2013,62.65472313
9/20/2013,62.27763801
9/19/2013,61.90107051
9/18/2013,63.44967046
9/17/2013,63.37226715
9/16/2013,62.84719623
9/13/2013,63.58029334
9/12/2013,63.45071482
9/11/2013,63.36523967
9/10/2013,63.8897281
9/9/2013,65.24480825
9/6/2013,65.24510178
9/5/2013,66.11498258
9/4/2013,67.02528282
9/3/2013,68.24476162
9/2/2013,66.27015976
8/30/2013,66.37476388
8/29/2013,66.95537464
8/28/2013,68.9780475
8/27/2013,67.31518968
8/26/2013,64.46523464
8/23/2013,64.02470985
8/22/2013,64.88028222
8/21/2013,64.45756127
8/20/2013,63.57004182
8/19/2013,63.36780576
8/16/2013,61.71364318
8/15/2013,61.31984658
8/14/2013,61.44378162
8/13/2013,61.28367193
8/12/2013,61.2748494
8/9/2013,60.79712854
8/8/2013,60.86152695
8/7/2013,61.25216084
8/6/2013,60.80873494
8/5/2013,60.87500943
8/2/2013,61.10505188
8/1/2013,60.44348746
7/31/2013,60.40527307
7/30/2013,60.48479374
7/29/2013,59.41974378
7/26/2013,59.04223228
7/25/2013,59.10846841
7/24/2013,59.07972218
7/23/2013,59.72534143
7/22/2013,59.72353031
7/19/2013,59.50468643
7/18/2013,59.65019476
7/17/2013,59.46482948
7/16/2013,59.14468669
7/15/2013,59.89471257
7/12/2013,59.63019794
7/11/2013,59.82827354
7/10/2013,59.65503785
7/9/2013,60.14466827
7/8/2013,60.75486381
7/5/2013,60.36482186
7/4/2013,60.22489217
7/3/2013,60.26468092
7/2/2013,59.63509257
7/1/2013,59.54437371
6/28/2013,59.41972477
6/27/2013,60.20027624
6/26/2013,60.74170762
6/25/2013,59.6748896
6/24/2013,59.69967905
6/21/2013,59.27162367
6/20/2013,59.68484848
6/19/2013,58.79531553
6/18/2013,58.77074921
6/17/2013,57.9050761
6/14/2013,57.53514245
6/13/2013,58.08486669
6/12/2013,57.81501845
6/11/2013,58.40503277
6/10/2013,58.17624347
6/7/2013,57.07616893
6/6/2013,56.84098186
6/5/2013,56.78503099
6/4/2013,56.49480599
6/3/2013,56.74507995
5/31/2013,56.51084115
5/30/2013,56.43464153
5/29/2013,56.17510809
5/28/2013,55.96537332
5/27/2013,55.57616508
5/24/2013,55.74619368
5/23/2013,55.71461825
5/22/2013,55.56527122
5/21/2013,55.41504741
5/20/2013,55.08519412
5/17/2013,54.86517989
5/16/2013,54.77501939
5/15/2013,54.7673352
5/14/2013,54.76535409
5/13/2013,54.73776305
5/10/2013,54.9052972
5/9/2013,54.28093137
5/8/2013,54.12485725
5/7/2013,54.08789197
5/6/2013,54.16495003
5/3/2013,53.92481318
5/2/2013,53.76468804
4/30/2013,53.75994492
4/29/2013,54.17295813
4/26/2013,54.32494807
4/25/2013,54.12538226
4/24/2013,54.22035983
4/23/2013,54.35488838
4/22/2013,54.14665951
4/19/2013,53.97255051
4/18/2013,53.97240322
4/17/2013,54.20519461
4/16/2013,54.10465382
4/15/2013,54.62885101
4/12/2013,54.52497702
4/11/2013,54.52473512
4/10/2013,54.52468287
4/9/2013,54.5398773
4/8/2013,54.53735698
4/5/2013,54.83467244
4/4/2013,54.89779997
4/3/2013,54.45509822
4/2/2013,54.17679128
3/28/2013,54.32721593
3/27/2013,54.46506892
3/26/2013,54.43278128
3/25/2013,54.22597603
3/22/2013,54.341211
3/21/2013,54.24477149
3/20/2013,54.34530707
3/19/2013,54.375
3/18/2013,54.12483564
3/15/2013,54.00504356
3/14/2013,54.36654557
3/13/2013,54.30629381
3/12/2013,54.19213974
3/11/2013,54.41280591
3/8/2013,54.37509549
3/7/2013,54.61260569
3/6/2013,54.75258918
3/5/2013,54.86496854
3/4/2013,54.86507265
3/1/2013,54.91384615
2/28/2013,54.37276259
2/27/2013,53.84515538
2/26/2013,54.09497591
2/25/2013,53.82516536
2/22/2013,54.25223722
2/21/2013,54.60488397
2/20/2013,54.07703815
2/19/2013,54.34489475
2/18/2013,54.30497304
2/15/2013,54.30018762
2/14/2013,53.93036692
2/13/2013,53.8189911
2/12/2013,53.83546659
2/11/2013,53.85482787
2/8/2013,53.50530881
2/7/2013,53.28510261
2/6/2013,53.15454613
2/5/2013,53.13511118
2/4/2013,53.27479339
2/1/2013,53.1977426
1/31/2013,53.22509225
1/30/2013,53.29000812
1/29/2013,53.74525422
1/28/2013,53.91475751
1/25/2013,53.79983666
1/24/2013,53.75533748
1/23/2013,53.60765191
1/22/2013,53.72005707
1/21/2013,53.75516025
1/18/2013,53.84569198
1/17/2013,54.39033513
1/16/2013,54.83467651
1/15/2013,54.62519697
1/14/2013,54.49966269
1/11/2013,54.75968058
1/10/2013,54.65347365
1/9/2013,54.75490196
1/8/2013,55.06495491
1/7/2013,55.22509395
1/4/2013,55.07531509
1/3/2013,54.50465578
1/2/2013,54.31307495
12/31/2012,54.99469456
12/28/2012,54.75498748
12/27/2012,54.96230966
12/24/2012,54.9553639
12/21/2012,55.07532743
12/20/2012,54.86486486
12/19/2012,54.55495414
12/18/2012,54.85506147
12/17/2012,54.87537994
12/14/2012,54.49124685
12/13/2012,54.25349851
12/12/2012,54.2553681
12/11/2012,54.26999153
12/10/2012,54.50502707
12/7/2012,54.47500969
12/6/2012,54.1378519
12/5/2012,54.55644853
12/4/2012,54.66773602
12/3/2012,54.7767481
11/30/2012,54.42476513
11/29/2012,54.82530399
11/28/2012,55.46505314
11/27/2012,55.35992593
11/26/2012,55.62480716
11/23/2012,55.53505306
11/22/2012,55.14294578
11/21/2012,55.11518938
11/20/2012,55.09485518
11/19/2012,55.06503683
11/16/2012,55.17536289
11/15/2012,54.68485419
11/14/2012,54.80905233
11/13/2012,54.97006931
11/12/2012,54.87475461
11/9/2012,54.78493777
11/8/2012,54.36479271
11/7/2012,54.21465558
11/6/2012,54.43515625
11/5/2012,54.60749785
11/2/2012,53.81089494
11/1/2012,53.70481696
10/31/2012,53.81359193
10/30/2012,53.96620892
10/29/2012,54.08512948
10/26/2012,53.73334366
10/25/2012,53.57500192
10/24/2012,53.83171071
10/23/2012,53.76470588
10/22/2012,53.47469953
10/19/2012,53.83966245
10/18/2012,53.39762159
10/17/2012,52.86509146
10/16/2012,52.85528131
10/15/2012,53.01518773
10/12/2012,52.81881264
10/11/2012,52.65520978
10/10/2012,53.00256032
10/9/2012,52.71203582
10/8/2012,52.61923136
10/5/2012,51.85509922
10/4/2012,51.73500116
10/3/2012,52.26518909
10/2/2012,52.39520495
10/1/2012,52.40894618
9/28/2012,52.86001547
9/27/2012,53.07519031
9/26/2012,53.51498638
9/25/2012,53.31503248
9/24/2012,53.47475999
9/21/2012,53.46473668
9/20/2012,54.33580361
9/19/2012,53.99477004
9/18/2012,54.02481998
9/17/2012,54.05471496
9/14/2012,54.30622375
9/13/2012,55.42757552
9/12/2012,55.2287531
9/11/2012,55.32493939
9/10/2012,55.44536631
9/7/2012,55.28490477
9/6/2012,55.66466213
9/5/2012,55.89123867
9/4/2012,55.66102234
9/3/2012,55.53469128
8/31/2012,55.5277139
8/30/2012,55.63376913
8/29/2012,55.63013153
8/28/2012,55.67500797
8/27/2012,55.68236233
8/24/2012,55.48492844
8/23/2012,55.25493945
8/22/2012,55.49164524
8/21/2012,55.39507564
8/20/2012,55.69918699
8/17/2012,55.71532788
8/16/2012,55.77490024
8/15/2012,55.68589117
8/14/2012,55.65981218
8/13/2012,55.34403112
8/10/2012,55.28461915
8/9/2012,55.29469149
8/8/2012,55.4150454
8/7/2012,55.06915407
8/6/2012,55.52710235
8/3/2012,55.75500204
8/2/2012,55.83508829
8/1/2012,55.47406082
7/31/2012,55.655324
7/30/2012,55.58468071
7/27/2012,55.33490298
7/26/2012,55.52528548
7/25/2012,56.1603758
7/24/2012,56.11961287
7/23/2012,55.97356464
7/20/2012,55.35491803
7/19/2012,55.04516969
7/18/2012,55.44221023
7/17/2012,55.04519176
7/16/2012,55.32561386
7/13/2012,55.14485023
7/12/2012,55.92461816
7/11/2012,55.62805873
7/10/2012,55.41473341
7/9/2012,55.93508501
7/6/2012,55.51426032
7/5/2012,54.95251891
7/4/2012,54.48726115
7/3/2012,54.372167
7/2/2012,55.44191217
6/29/2012,55.69499603
6/28/2012,56.85537124
6/27/2012,57.13495753
6/26/2012,57.01482966
6/25/2012,57.01473414
6/22/2012,57.15208549
6/21/2012,56.30465667
6/20/2012,56.15475441
6/19/2012,55.95292812
6/18/2012,55.99461087
6/15/2012,55.41282947
6/14/2012,55.81467612
6/13/2012,55.59996809
6/12/2012,55.8053154
6/11/2012,55.74537628
6/8/2012,55.46519089
6/7/2012,54.94481937
6/6/2012,55.36483781
6/5/2012,55.64486282
6/4/2012,55.66535338
6/1/2012,55.60704431
5/31/2012,56.10981214
5/30/2012,56.23251327
5/29/2012,55.67515771
5/28/2012,55.18462518
5/25/2012,55.40889527
5/24/2012,55.61997292
5/23/2012,56.00521368
5/22/2012,55.34461153
5/21/2012,54.98039216
5/18/2012,54.46741608
5/17/2012,54.48509699
5/16/2012,54.49521118
5/15/2012,53.76469672
5/14/2012,53.96486045
5/11/2012,53.63488875
5/10/2012,53.33770542
5/9/2012,53.87490347
5/8/2012,53.11900192
5/7/2012,52.91030461
5/4/2012,53.47471825
5/3/2012,53.42528385
5/2/2012,52.85507577
4/30/2012,52.70470713
4/27/2012,52.50963792
4/26/2012,52.55467272
4/25/2012,52.54505528
4/24/2012,52.67532862
4/23/2012,52.57482294
4/20/2012,52.09975743
4/19/2012,52.1450405
4/18/2012,51.80478118
4/17/2012,51.47730734
4/16/2012,51.65847666
4/13/2012,51.30285975
4/12/2012,51.5889911
4/11/2012,51.47513518
4/10/2012,51.4747598
4/5/2012,51.17462504
4/4/2012,51.08963628
4/3/2012,50.70521968
4/2/2012,50.87619191
3/30/2012,50.94489368
3/29/2012,51.32007233
3/28/2012,50.77978556
3/27/2012,50.77476937
3/26/2012,51.20518228
3/23/2012,51.27473191
3/22/2012,51.22503228
3/21/2012,50.67523629
3/20/2012,50.4576451
3/19/2012,50.21520913
3/16/2012,50.13494968
3/15/2012,50.37527763
3/14/2012,50.02526412
3/13/2012,49.9747262
3/12/2012,49.98475494
3/9/2012,49.79531499
3/8/2012,50.40499924
3/7/2012,50.40472561
3/6/2012,50.38470311
3/5/2012,49.79500756
3/2/2012,49.45978664
3/1/2012,49.27509014
2/29/2012,48.95484639
2/28/2012,49.08503047
2/27/2012,49.28518076
2/24/2012,49.00536833
2/23/2012,49.15037594
2/22/2012,49.13907785
2/21/2012,49.3299047
2/20/2012,49.13462988
2/17/2012,49.24006383
2/16/2012,49.39531659
2/15/2012,49.37519096
2/14/2012,49.40466246
2/13/2012,49.14969066
2/10/2012,49.48972629
2/9/2012,49.35505719
2/8/2012,49.14494501
2/7/2012,49.34492488
2/6/2012,49.05535961
2/3/2012,48.80471125
2/2/2012,49.1446464
2/1/2012,49.16508539
1/31/2012,49.43533698
1/30/2012,49.7597254
1/27/2012,49.3952073
1/26/2012,50.24496006
1/25/2012,50.24493896
1/24/2012,50.1053603
1/23/2012,49.99462242
1/20/2012,50.28135173
1/19/2012,50.28038107
1/18/2012,50.39903359
1/17/2012,50.64738077
1/16/2012,51.42473755
1/13/2012,51.44781145
1/12/2012,51.5201005
1/11/2012,51.86507312
1/10/2012,51.79497189
1/9/2012,52.50235701
1/6/2012,52.72463995
1/5/2012,52.92471945
1/4/2012,52.92940995
1/3/2012,53.11971723
1/2/2012,53.30498647
12/30/2011,53.10534044
12/29/2011,53.05221507
12/28/2011,52.89735353
12/27/2011,52.93748565
12/23/2011,52.85517347
12/22/2011,52.62972331
12/21/2011,52.68500077
12/20/2011,52.97537097
12/19/2011,52.93504103
12/16/2011,52.69978567
12/15/2011,53.53713803
12/14/2011,53.93519587
12/13/2011,53.19019801
12/12/2011,52.86167082
12/9/2011,52.07486551
12/8/2011,51.72483221
12/7/2011,51.71712641
12/6/2011,51.31476781
12/5/2011,51.37479542
12/2/2011,51.10502553
12/1/2011,51.36970056
11/30/2011,52.25517961
11/29/2011,52.05533893
11/28/2011,52.03476176
11/25/2011,52.23977625
11/24/2011,52.03469678
11/23/2011,52.47478897
11/22/2011,52.37532324
11/21/2011,52.30494873
11/18/2011,51.25515616
11/17/2011,50.94510386
11/16/2011,50.75496885
11/15/2011,50.67986994
11/14/2011,50.37484442
11/11/2011,50.12249084
11/10/2011,50.02497062
11/9/2011,50.16504071
11/8/2011,49.47998259
11/7/2011,49.11148304
11/4/2011,49.10498802
11/3/2011,49.14470341
11/2/2011,49.18531393
11/1/2011,49.28010567
10/31/2011,48.69509321
10/28/2011,48.76624294
10/27/2011,49.5099017
10/26/2011,49.50743161
10/25/2011,49.50998707
10/24/2011,49.82534642
10/21/2011,50.02464125
10/20/2011,49.8073441
10/19/2011,49.16473821
10/18/2011,49.3930974
10/17/2011,48.95470383
10/14/2011,49.02006229
10/13/2011,49.13018139
10/12/2011,48.95975592
10/11/2011,49.32534725
10/10/2011,48.97520783
10/7/2011,49.16033944
10/6/2011,49.35036551
10/5/2011,49.34992877
10/4/2011,49.40748046
10/3/2011,49.16035117
9/30/2011,48.96615567
9/29/2011,48.96658098
9/28/2011,48.760179
9/27/2011,49.07504234
9/26/2011,49.44740741
9/23/2011,49.43261355
9/22/2011,49.57763236
9/21/2011,48.33015547
9/20/2011,48.0547046
9/19/2011,47.81247709
9/16/2011,47.25508721
9/15/2011,47.5549112
9/14/2011,47.65022944
9/13/2011,47.59472334
9/12/2011,47.2297891
9/9/2011,46.56220598
9/8/2011,46.19481629
9/7/2011,46.16486178
9/6/2011,45.98482162
9/5/2011,45.99815942
9/2/2011,45.787443
9/1/2011,46.08750438
8/31/2011,46.06920415
8/30/2011,46.05610332
8/29/2011,46.05508387
8/26/2011,46.15470074
8/25/2011,46.04478647
8/24/2011,46.00498857
8/23/2011,45.62508643
8/22/2011,45.66502463
8/19/2011,45.74973931
8/18/2011,45.74987821
8/17/2011,45.36851558
8/16/2011,45.38997214
8/15/2011,45.34488783
8/12/2011,45.34526316
8/11/2011,45.36519833
8/10/2011,45.25997077
8/9/2011,45.209925
8/8/2011,44.97012302
8/5/2011,44.74531968
8/4/2011,44.54775459
8/3/2011,44.32027972
8/2/2011,44.27734651
8/1/2011,44.07492196
7/29/2011,44.19495091
7/28/2011,44.09817672
7/27/2011,44.08486778
7/26/2011,44.18492157
7/25/2011,44.40472879
7/22/2011,44.34994094
7/21/2011,44.50499227
7/20/2011,44.4548462
7/19/2011,44.5
7/18/2011,44.5752937
7/15/2011,44.51505726
7/14/2011,44.50992818
7/13/2011,44.5178711
7/12/2011,44.71484794
7/11/2011,44.46570859
7/8/2011,44.39474793
7/7/2011,44.43531972
7/6/2011,44.40494482
7/5/2011,44.39527004
7/4/2011,44.42482759
7/1/2011,44.58517394
6/30/2011,44.67031066
6/29/2011,44.86724437
6/28/2011,45.04031975
6/27/2011,45.03766279
6/24/2011,44.99507736
6/23/2011,44.95356037
6/22/2011,44.89476974
6/21/2011,44.8472831
6/20/2011,45.00737619
6/17/2011,44.86755431
6/16/2011,44.90488359
6/15/2011,44.7600056
6/14/2011,44.73767996
6/13/2011,44.86484604
6/10/2011,44.71489714
6/9/2011,44.73518544
6/8/2011,44.70221796
6/7/2011,44.67990718
6/6/2011,44.76020828
6/3/2011,44.82192159
6/2/2011,44.82918396
6/1/2011,44.84480844
5/31/2011,45.05735141
5/30/2011,45.07777466
5/27/2011,45.16508938
5/26/2011,45.30491248
5/25/2011,45.3301585
5/24/2011,45.20476968
5/23/2011,45.23751783
5/20/2011,45.01229192
5/19/2011,44.98002103
5/18/2011,45.05517678
5/17/2011,45.1273728
5/16/2011,45.1601499
5/13/2011,44.86764706
5/12/2011,44.99752703
5/11/2011,44.6952706
5/10/2011,44.75484051
5/9/2011,44.71973328
5/6/2011,44.79484174
5/5/2011,44.75968678
5/4/2011,44.46982932
5/3/2011,44.51759134
5/2/2011,44.33982611
4/29/2011,44.21467026
4/28/2011,44.4301744
4/27/2011,44.44027816
4/26/2011,44.52007936
4/21/2011,44.36780033
4/20/2011,44.33000344
4/19/2011,44.48468746
4/18/2011,44.4497373
4/15/2011,44.33287197
4/14/2011,44.64481633
4/13/2011,44.50493342
4/12/2011,44.38908086
4/11/2011,44.38894277
4/8/2011,44.07471703
4/7/2011,44.20499895
4/6/2011,44.16993007
4/5/2011,44.41761965
4/4/2011,44.5877809
4/1/2011,44.53716145
3/31/2011,44.58717534
3/30/2011,44.7523066
3/29/2011,44.78245414
3/28/2011,44.83965222
3/25/2011,44.67516826
3/24/2011,44.75014156
3/23/2011,44.8450764
3/22/2011,44.9553163
3/21/2011,45.00986332
3/18/2011,45.03644728
3/17/2011,45.15138532
3/16/2011,45.1171959
3/15/2011,45.24632671
3/14/2011,45.06029538
3/11/2011,45.23996224
3/10/2011,45.18274589
3/9/2011,45.00502585
3/8/2011,45.08850194
3/7/2011,45.05275164
3/4/2011,44.98746149
3/3/2011,45.04259928
3/2/2011,44.9496705
3/1/2011,44.94972875
2/28/2011,45.27251699
2/25/2011,45.32480744
2/24/2011,45.46794453
2/23/2011,45.13218265
2/22/2011,45.26523743
2/21/2011,44.98756219
2/18/2011,45.19997065
2/17/2011,45.34513274
2/16/2011,45.52035529
2/15/2011,45.52035529
2/14/2011,45.5
2/11/2011,45.68766637
2/10/2011,45.72772714
2/9/2011,45.4678684
2/8/2011,45.29739641
2/7/2011,45.46963772
2/4/2011,45.59753503
2/3/2011,45.59476173
2/2/2011,45.56002318
2/1/2011,45.77026536
1/31/2011,45.90782939
1/28/2011,45.76513494
1/27/2011,45.60586177
1/26/2011,45.70630802
1/25/2011,45.82502207
1/24/2011,45.626704
1/21/2011,45.61940685
1/20/2011,45.63539192
1/19/2011,45.39997038
1/18/2011,45.47528233
1/17/2011,45.54503794
1/14/2011,45.44123155
1/13/2011,45.16326994
1/12/2011,45.09751021
1/11/2011,45.16527649
1/10/2011,45.53514687
1/7/2011,45.45945529
1/6/2011,45.28492858
1/5/2011,45.39468705
1/4/2011,45.03993741
1/3/2011,44.63590051
12/31/2010,44.72234695
12/30/2010,44.91716867
12/29/2010,45.03273447
12/28/2010,45.066313
12/27/2010,45.23827649
12/24/2010,45.11428353
12/23/2010,45.13931415
12/22/2010,45.09723917
12/21/2010,45.22995059
12/20/2010,45.42024797
12/17/2010,45.34208145
12/16/2010,45.38223297
12/15/2010,45.33233533
12/14/2010,44.88723483
12/13/2010,45.15866436
12/10/2010,45.02189671
12/9/2010,45.24292417
12/8/2010,45.09719697
12/7/2010,44.63219337
12/6/2010,44.93222892
12/3/2010,45.09738789
12/2/2010,45.2945648
12/1/2010,45.34227983
11/30/2010,45.96091706
11/29/2010,45.94173133
11/26/2010,45.85482042
11/25/2010,45.56714961
11/24/2010,45.70807407
11/23/2010,45.5838767
11/22/2010,45.43489412
11/19/2010,45.33091999
11/18/2010,45.22972082
11/17/2010,45.37334026
11/16/2010,45.31295915
11/15/2010,45.1651255
11/12/2010,44.62110714
11/11/2010,44.47518248
11/10/2010,44.30501089
11/9/2010,44.35675869
11/8/2010,44.42049292
11/5/2010,44.02158478
11/4/2010,44.18491997
11/3/2010,44.32995576
11/2/2010,44.35012127
11/1/2010,44.4399684
10/29/2010,44.39633398
10/28/2010,44.50458252
10/27/2010,44.53524596
10/26/2010,44.55506038
10/25/2010,44.35891954
10/22/2010,44.56939859
10/21/2010,44.29509132
10/20/2010,44.36981459
10/19/2010,44.40652284
10/18/2010,44.38327576
10/15/2010,44.09965221
10/14/2010,44.12027516
10/13/2010,44.476286
10/12/2010,44.66464252
10/11/2010,44.44029851
10/8/2010,44.42482341
10/7/2010,44.21503221
10/6/2010,44.38510393
10/5/2010,44.66981132
10/4/2010,44.5552718
10/1/2010,44.50021856
9/30/2010,44.87617233
9/29/2010,44.92689736
9/28/2010,45.15973254
9/27/2010,45.01966313
9/24/2010,45.25648673
9/23/2010,45.58695489
9/22/2010,45.59488177
9/21/2010,45.66768293
9/20/2010,45.71286523
9/17/2010,45.82924962
9/16/2010,46.11026151
9/15/2010,46.35075833
9/14/2010,46.42023346
9/13/2010,46.39871885
9/10/2010,46.23968566
9/9/2010,46.47219819
9/8/2010,46.6566118
9/7/2010,46.82046453
9/6/2010,46.54031381
9/3/2010,46.6097865
9/2/2010,46.72491808
9/1/2010,46.81484375
8/31/2010,47.06230284
8/30/2010,46.91496063
8/27/2010,46.89530402
8/26/2010,46.84881431
8/25/2010,46.89605962
8/24/2010,46.90508286
8/23/2010,46.67034005
8/20/2010,46.6525057
8/19/2010,46.36958554
8/18/2010,46.49068323
8/17/2010,46.61741835
8/16/2010,46.8049922
8/13/2010,46.75365263
8/12/2010,46.77482408
8/11/2010,46.70482483
8/10/2010,46.40219295
8/9/2010,46.12465102
8/6/2010,46.15968427
8/5/2010,46.19007888
8/4/2010,46.16462214
8/3/2010,46.16519174
8/2/2010,46.2449323
7/30/2010,46.40006141
7/29/2010,46.53531257
7/28/2010,46.76031404
7/27/2010,46.65771503
7/26/2010,47.05513881
7/23/2010,46.93494611
7/22/2010,47.13618677
7/21/2010,47.16470313
7/20/2010,47.34739956
7/19/2010,47.11507293
7/16/2010,46.78
7/15/2010,46.61365762
7/14/2010,46.73069354
7/13/2010,46.75471398
7/12/2010,46.81076997
7/9/2010,46.66534779
7/8/2010,46.86255924
7/7/2010,47.0510066
7/6/2010,46.82407187
7/5/2010,46.77519751
7/2/2010,46.7963022
7/1/2010,46.62719014
6/30/2010,46.44527748
6/29/2010,46.48466962
6/28/2010,46.20471675
6/25/2010,46.28517976
6/24/2010,46.48507584
6/23/2010,46.18531497
6/22/2010,46.29140153
6/21/2010,45.75094827
6/18/2010,46.17038474
6/17/2010,46.30510394
6/16/2010,46.56023458
6/15/2010,46.52553434
6/14/2010,46.4952241
6/11/2010,46.84505649
6/10/2010,46.90992113
6/9/2010,47.02106578
6/8/2010,46.94774745
6/7/2010,47.09507484
6/4/2010,46.84991708
6/3/2010,46.67019889
6/2/2010,46.98477656
6/1/2010,47.15508021
5/31/2010,46.35979524
5/28/2010,46.37814922
5/27/2010,46.86005712
5/26/2010,47.29466244
5/25/2010,47.71332733
5/24/2010,46.98462783
5/21/2010,46.94486677
5/20/2010,46.82503648
5/19/2010,46.35533822
5/18/2010,45.59462504
5/17/2010,45.61988825
5/14/2010,45.21533782
5/13/2010,45.07150234
5/12/2010,45.11981712
5/11/2010,45.28035911
5/10/2010,44.85002699
5/7/2010,45.48015064
5/6/2010,45.31468531
5/5/2010,44.93964717
5/4/2010,44.61532585
5/3/2010,44.48557184
4/30/2010,44.35974465
4/29/2010,44.51493663
4/28/2010,44.64477161
4/27/2010,44.44469526
4/26/2010,44.39531567
4/23/2010,44.48726617
4/22/2010,44.50708449
4/21/2010,44.55469977
4/20/2010,44.49503188
4/19/2010,44.73496129
4/16/2010,44.31473956
4/15/2010,44.44181926
4/14/2010,44.2298935
4/13/2010,44.54833247
4/12/2010,44.38792786
4/9/2010,44.28496712
4/8/2010,44.47164561
4/7/2010,44.50974513
4/6/2010,44.45506121
4/1/2010,44.7000297
3/31/2010,44.89502189
3/30/2010,45.09865005
3/29/2010,44.91871428
3/26/2010,45.218303
3/25/2010,45.50014975
3/24/2010,45.44159544
3/23/2010,45.55514461
3/22/2010,45.58533145
3/19/2010,45.50487157
3/18/2010,45.45534407
3/17/2010,45.34748473
3/16/2010,45.51847264
3/15/2010,45.59284933
3/12/2010,45.44133672
3/11/2010,45.61470308
3/10/2010,45.38280676
3/9/2010,45.60522239
3/8/2010,45.45820524
3/5/2010,45.59416875
3/4/2010,45.81504243
3/3/2010,45.82508614
3/2/2010,45.9447889
3/1/2010,46.14491682
2/26/2010,46.10464259
2/25/2010,46.33404997
2/24/2010,46.28257179
2/23/2010,46.2149223
2/22/2010,46.21532365
2/19/2010,46.30520009
2/18/2010,46.2747844
2/17/2010,46.11321579
2/16/2010,46.21181039
2/15/2010,46.32468582
2/12/2010,46.49277925
2/11/2010,46.50094766
2/10/2010,46.49490539
2/9/2010,46.65479651
2/8/2010,46.81023766
2/5/2010,46.79716602
2/4/2010,46.25478443
2/3/2010,45.97468535
2/2/2010,46.20793571
2/1/2010,46.37533242
1/29/2010,46.19504511
1/28/2010,46.27973427
1/27/2010,46.29974417
1/26/2010,46.02058928
1/25/2010,46.22005512
1/22/2010,46.30986912
1/21/2010,46.03953356
1/20/2010,45.9503255
1/19/2010,45.80502836
1/18/2010,45.52021713
1/15/2010,45.70752748
1/14/2010,45.64407014
1/13/2010,45.544874
1/12/2010,45.72198053
1/11/2010,45.33314978
1/8/2010,45.75772437
1/7/2010,45.70749441
1/6/2010,45.82996516
1/5/2010,46.24497992
1/4/2010,46.29995135
12/31/2009,46.53616549
12/30/2009,46.7708188
12/29/2009,46.68468094
12/28/2009,46.5706352
12/24/2009,46.66620364
12/23/2009,46.82474082
12/22/2009,46.79599412
12/21/2009,46.84020045
12/18/2009,46.7301388
12/17/2009,46.88628599
12/16/2009,46.68839286
12/15/2009,46.67491919
12/14/2009,46.69010719
12/11/2009,46.56095412
12/10/2009,46.6395112
12/9/2009,46.56981311
12/8/2009,46.55090023
12/7/2009,46.50997498
12/4/2009,46.29499602
12/3/2009,46.07473545
12/2/2009,46.3353214
12/1/2009,46.27504312
11/30/2009,46.43479997
11/27/2009,46.65002011
11/26/2009,46.44482782
11/25/2009,46.22952993
11/24/2009,46.35513394
11/23/2009,46.48516836
11/20/2009,46.60614242
11/19/2009,46.65007065
11/18/2009,46.16032627
11/17/2009,46.33478992
11/16/2009,46.18977614
11/13/2009,46.25369922
11/12/2009,46.64046374
11/11/2009,46.30976924
11/10/2009,46.44995323
11/9/2009,46.44687667
11/6/2009,46.76019378
11/5/2009,46.9899778
11/4/2009,47.10385475
11/3/2009,47.39527903
11/2/2009,46.90969402
10/30/2009,47.01013514
10/29/2009,47.19028942
10/28/2009,47.23977004
10/27/2009,46.94500471
10/26/2009,46.63026833
10/23/2009,46.50998668
10/22/2009,46.74
10/21/2009,46.46002279
10/20/2009,46.11515597
10/19/2009,46.07990347
10/16/2009,46.29968391
10/15/2009,46.28498385
10/14/2009,46.11518043
10/13/2009,46.34486006
10/12/2009,46.48967152
10/9/2009,46.41016949
10/8/2009,46.31985369
10/7/2009,46.68980536
10/6/2009,46.9202554
10/5/2009,47.51984127
10/2/2009,47.74712802
10/1/2009,47.75981842
9/30/2009,47.80509458
9/29/2009,48.11533439
9/28/2009,47.75358362
9/25/2009,47.94001363
9/24/2009,47.97467497
9/23/2009,48.00514104
9/22/2009,47.96346414
9/21/2009,48.00996043
9/18/2009,48.13532812
9/17/2009,48.15524742
9/16/2009,48.23529412
9/15/2009,48.6400657
9/14/2009,48.73497699
9/11/2009,48.47471564
9/10/2009,48.60501891
9/9/2009,48.50020658
9/8/2009,48.44469011
9/7/2009,48.66015352
9/4/2009,48.8900575
9/3/2009,48.91524241
9/2/2009,48.97468354
9/1/2009,49.00027945
8/31/2009,48.89994395
8/28/2009,48.65984405
8/27/2009,48.91505467
8/26/2009,48.89488437
8/25/2009,48.75523597
8/24/2009,48.61481533
8/21/2009,48.63014655
8/20/2009,48.70532893
8/19/2009,48.79535147
8/18/2009,48.79512091
8/17/2009,48.89994315
8/14/2009,48.24471806
8/13/2009,48.05988946
8/12/2009,48.36485533
8/11/2009,47.959904
8/10/2009,47.81016758
8/7/2009,47.76485338
8/6/2009,47.59986082
8/5/2009,47.41984733
8/4/2009,47.57994994
8/3/2009,47.59001608
7/31/2009,48.06196067
7/30/2009,48.3099694
7/29/2009,48.42597845
7/28/2009,48.21491321
7/27/2009,48.16525335
7/24/2009,48.23012582
7/23/2009,48.45034788
7/22/2009,48.52018885
7/21/2009,48.43985095
7/20/2009,48.20496589
7/17/2009,48.73030518
7/16/2009,48.67020524
7/15/2009,48.63013699
7/14/2009,48.96504896
7/13/2009,49.08980322
7/10/2009,48.79001511
7/9/2009,48.70979271
7/8/2009,48.89000791
7/7/2009,48.23025893
7/6/2009,48.57523206
7/3/2009,47.87993433
7/2/2009,47.94504947
7/1/2009,47.89514756
6/30/2009,47.76991651
6/29/2009,48.05022052
6/26/2009,48.10017026
6/25/2009,48.6025825
6/24/2009,48.53018747
6/23/2009,48.55272571
6/22/2009,48.42978785
6/19/2009,48.01033592
6/18/2009,48.10991379
6/17/2009,47.98988439
6/16/2009,47.59971202
6/15/2009,47.71480144
6/12/2009,47.60354185
6/11/2009,47.6147183
6/10/2009,47.33016593
6/9/2009,47.48979153
6/8/2009,47.55517092
6/5/2009,47.11222402
6/4/2009,47.20468251
6/3/2009,47.05990005
6/2/2009,47.01643489
6/1/2009,46.96272855
5/29/2009,47.11732161
5/28/2009,47.60969977
5/27/2009,47.6699518
5/26/2009,47.86022433
5/25/2009,47.3047823
5/22/2009,47.10993415
5/21/2009,47.28000871
5/20/2009,47.42001461
5/19/2009,47.78504261
5/18/2009,47.89017341
5/15/2009,49.39266164
5/14/2009,49.7102411
5/13/2009,49.71004918
5/12/2009,49.31740115
5/11/2009,49.51009282
5/8/2009,49.28268156
5/7/2009,49.09975305
5/6/2009,49.59015163
5/5/2009,49.30015668
5/4/2009,49.91000529
4/30/2009,49.91487759
4/29/2009,50.03467511
4/28/2009,50.51724138
4/27/2009,50.24761905
4/24/2009,49.77478839
4/23/2009,49.9348659
4/22/2009,50.32980613
4/21/2009,50.47247139
4/20/2009,50.17970076
4/17/2009,49.85985603
4/16/2009,49.75750227
4/15/2009,49.67509299
4/14/2009,49.57517324
4/9/2009,49.98493182
4/8/2009,50.18970599
4/7/2009,50.02036967
4/6/2009,50
4/3/2009,50.07970205
4/2/2009,50.35020908
4/1/2009,50.56998339
3/31/2009,50.64021641
3/30/2009,51.51519745
3/27/2009,50.6453554
3/26/2009,50.15506724
3/25/2009,50.66992738
3/24/2009,50.72036722
3/23/2009,50.37911196
3/20/2009,50.56978375
3/19/2009,50.31014556
3/18/2009,51.29017517
3/17/2009,51.41013754
3/16/2009,51.40009201
3/13/2009,51.49476947
3/12/2009,51.89015803
3/11/2009,51.15986235
3/10/2009,51.55996245
3/9/2009,51.87027457
3/6/2009,51.69537052
3/5/2009,51.76981282
3/4/2009,51.53484667
3/3/2009,51.96987713
3/2/2009,51.88472531
2/27/2009,51.07007276
2/26/2009,50.39508684
2/25/2009,49.83978116
2/24/2009,49.91773094
2/23/2009,49.82497265
2/20/2009,49.62512906
2/19/2009,49.6850059
2/18/2009,49.68005716
2/17/2009,49.43485832
2/16/2009,48.61966314
2/13/2009,48.42470561
2/12/2009,48.590353
2/11/2009,48.65976194
2/10/2009,48.66507288
2/9/2009,48.60009225
2/6/2009,48.52532041
2/5/2009,48.66006704
2/4/2009,48.56997972
2/3/2009,48.39987548
2/2/2009,48.64028213
1/30/2009,48.68991885
1/29/2009,48.72015865
1/28/2009,48.92533937
1/27/2009,48.77485957
1/26/2009,48.56966898
1/23/2009,49.15982806
1/22/2009,48.92483056
1/21/2009,49.20991479
1/20/2009,49.13998453
1/19/2009,48.620088
1/16/2009,48.52976639
1/15/2009,48.78028277
1/14/2009,48.60472178
1/13/2009,48.9247474
1/12/2009,48.84500523
1/9/2009,48.1847413
1/8/2009,48.41521627
1/7/2009,48.81500552
1/6/2009,48.62511251
1/5/2009,48.51494625
1/2/2009,48.40977932
12/31/2008,0
12/30/2008,0
12/29/2008,0
12/24/2008,0
12/23/2008,0
12/22/2008,0
12/19/2008,0
12/18/2008,0
12/17/2008,0
12/16/2008,0
12/15/2008,0
12/12/2008,0
12/11/2008,0
12/10/2008,0
12/9/2008,0
12/8/2008,0
12/5/2008,0
12/4/2008,0
12/3/2008,0
12/2/2008,0
12/1/2008,0
11/28/2008,0
11/27/2008,0
11/26/2008,0
11/25/2008,0
11/24/2008,0
11/21/2008,0
11/20/2008,0
11/19/2008,0
11/18/2008,0
11/17/2008,0
11/14/2008,0
11/13/2008,0
11/12/2008,0
11/11/2008,0
11/10/2008,0
11/7/2008,0
11/6/2008,0
11/5/2008,0
11/4/2008,0
11/3/2008,0
10/31/2008,0
10/30/2008,0
10/29/2008,0
10/28/2008,0
10/27/2008,0
10/24/2008,0
10/23/2008,0
10/22/2008,0
10/21/2008,0
10/20/2008,0
10/17/2008,0
10/16/2008,0
10/15/2008,0
10/14/2008,0
10/13/2008,0
10/10/2008,0
10/9/2008,0
10/8/2008,0
10/7/2008,0
10/6/2008,0
10/3/2008,0
10/2/2008,0
10/1/2008,0
9/30/2008,0
9/29/2008,0
9/26/2008,0
9/25/2008,0
9/24/2008,0
9/23/2008,0
9/22/2008,0
9/19/2008,0
9/18/2008,0
9/17/2008,0
9/16/2008,0
9/15/2008,0
9/12/2008,0
9/11/2008,0
9/10/2008,0
9/9/2008,0
9/8/2008,0
9/5/2008,0
9/4/2008,0
9/3/2008,0
9/2/2008,0
9/1/2008,0
8/29/2008,0
8/28/2008,0
8/27/2008,0
8/26/2008,0
8/25/2008,0
8/22/2008,0
8/21/2008,0
8/20/2008,0
8/19/2008,0
8/18/2008,0
8/15/2008,0
8/14/2008,0
8/13/2008,0
8/12/2008,0
8/11/2008,0
8/8/2008,0
8/7/2008,0
8/6/2008,0
8/5/2008,0
8/4/2008,0
8/1/2008,0
7/31/2008,0
7/30/2008,0
7/29/2008,0
7/28/2008,0
7/25/2008,0
7/24/2008,0
7/23/2008,0
7/22/2008,0
7/21/2008,0
7/18/2008,0
7/17/2008,0
7/16/2008,0
7/15/2008,0
7/14/2008,0
7/11/2008,0
7/10/2008,0
7/9/2008,0
7/8/2008,0
7/7/2008,0
7/4/2008,0
7/3/2008,0
7/2/2008,0
7/1/2008,0
6/30/2008,0
6/27/2008,0
6/26/2008,0
6/25/2008,0
6/24/2008,0
6/23/2008,0
6/20/2008,0
6/19/2008,0
6/18/2008,0
6/17/2008,0
6/16/2008,0
6/13/2008,0
6/12/2008,0
6/11/2008,0
6/10/2008,0
6/9/2008,0
6/6/2008,0
6/5/2008,0
6/4/2008,0
6/3/2008,0
6/2/2008,0
5/30/2008,0
5/29/2008,0
5/28/2008,0
5/27/2008,0
5/26/2008,0
5/23/2008,0
5/22/2008,0
5/21/2008,0
5/20/2008,0
5/19/2008,0
5/16/2008,0
5/15/2008,0
5/14/2008,0
5/13/2008,0
5/12/2008,0
5/9/2008,0
5/8/2008,0
5/7/2008,0
5/6/2008,0
5/5/2008,0
5/2/2008,0
4/30/2008,0
4/29/2008,0
4/28/2008,0
4/25/2008,0
4/24/2008,0
4/23/2008,0
4/22/2008,0
4/21/2008,0
4/18/2008,0
4/17/2008,0
4/16/2008,0
4/15/2008,0
4/14/2008,0
4/11/2008,0
4/10/2008,0
4/9/2008,0
4/8/2008,0
4/7/2008,0
4/4/2008,0
4/3/2008,0
4/2/2008,0
4/1/2008,0
3/31/2008,0
3/28/2008,0
3/27/2008,0
3/26/2008,0
3/25/2008,0
3/20/2008,0
3/19/2008,0
3/18/2008,0
3/17/2008,0
3/14/2008,0
3/13/2008,0
3/12/2008,0
3/11/2008,0
3/10/2008,0
3/7/2008,0
3/6/2008,0
3/5/2008,0
3/4/2008,0
3/3/2008,0
2/29/2008,0
2/28/2008,0
2/27/2008,0
2/26/2008,0
2/25/2008,0
2/22/2008,0
2/21/2008,0
2/20/2008,0
2/19/2008,0
2/18/2008,0
2/15/2008,0
2/14/2008,0
2/13/2008,0
2/12/2008,0
2/11/2008,0
2/8/2008,0
2/7/2008,0
2/6/2008,0
2/5/2008,0
2/4/2008,0
2/1/2008,0
1/31/2008,0
1/30/2008,0
1/29/2008,0
1/28/2008,0
1/25/2008,0
1/24/2008,0
1/23/2008,0
1/22/2008,0
1/21/2008,0
1/18/2008,0
1/17/2008,0
1/16/2008,0
1/15/2008,0
1/14/2008,0
1/11/2008,0
1/10/2008,0
1/9/2008,0
1/8/2008,0
1/7/2008,0
1/4/2008,0
1/3/2008,0
1/2/2008,0
12/31/2007,0
12/28/2007,0
12/27/2007,0
12/24/2007,0
12/21/2007,0
12/20/2007,0
12/19/2007,0
12/18/2007,0
12/17/2007,0
12/14/2007,0
12/13/2007,0
12/12/2007,0
12/11/2007,0
12/10/2007,0
12/7/2007,0
12/6/2007,0
12/5/2007,0
12/4/2007,0
12/3/2007,0
11/30/2007,0
11/29/2007,0
11/28/2007,0
11/27/2007,0
11/26/2007,0
11/23/2007,0
11/22/2007,0
11/21/2007,0
11/20/2007,0
11/19/2007,0
11/16/2007,0
11/15/2007,0
11/14/2007,0
11/13/2007,0
11/12/2007,0
11/9/2007,0
11/8/2007,0
11/7/2007,0
11/6/2007,0
11/5/2007,0
11/2/2007,0
11/1/2007,0
10/31/2007,0
10/30/2007,0
10/29/2007,0
10/26/2007,0
10/25/2007,0
10/24/2007,0
10/23/2007,0
10/22/2007,0
10/19/2007,0
10/18/2007,0
10/17/2007,0
10/16/2007,0
10/15/2007,0
10/12/2007,0
10/11/2007,0
10/10/2007,0
10/9/2007,0
10/8/2007,0
10/5/2007,0
10/4/2007,0
10/3/2007,0
10/2/2007,0
10/1/2007,0
9/28/2007,0
9/27/2007,0
9/26/2007,0
9/25/2007,0
9/24/2007,0
9/21/2007,0
9/20/2007,0
9/19/2007,0
9/18/2007,0
9/17/2007,0
9/14/2007,0
9/13/2007,0
9/12/2007,0
9/11/2007,0
9/10/2007,0
9/7/2007,0
9/6/2007,0
9/5/2007,0
9/4/2007,0
9/3/2007,0
8/31/2007,0
8/30/2007,0
8/29/2007,0
8/28/2007,0
8/27/2007,0
8/24/2007,0
8/23/2007,0
8/22/2007,0
8/21/2007,0
8/20/2007,0
8/17/2007,0
8/16/2007,0
8/15/2007,0
8/14/2007,0
8/13/2007,0
8/10/2007,0
8/9/2007,0
8/8/2007,0
8/7/2007,0
8/6/2007,0
8/3/2007,0
8/2/2007,0
8/1/2007,0
7/31/2007,0
7/30/2007,0
7/27/2007,0
7/26/2007,0
7/25/2007,0
7/24/2007,0
7/23/2007,0
7/20/2007,0
7/19/2007,0
7/18/2007,0
7/17/2007,0
7/16/2007,0
7/13/2007,0
7/12/2007,0
7/11/2007,0
7/10/2007,0
7/9/2007,0
7/6/2007,0
7/5/2007,0
7/4/2007,0
7/3/2007,0
7/2/2007,0
6/29/2007,0
6/28/2007,0
6/27/2007,0
6/26/2007,0
6/25/2007,0
6/22/2007,0
6/21/2007,0
6/20/2007,0
6/19/2007,0
6/18/2007,0
6/15/2007,0
6/14/2007,0
6/13/2007,0
6/12/2007,0
6/11/2007,0
6/8/2007,0
6/7/2007,0
6/6/2007,0
6/5/2007,0
6/4/2007,0
6/1/2007,0
5/31/2007,0
5/30/2007,0
5/29/2007,0
5/28/2007,0
5/25/2007,0
5/24/2007,0
5/23/2007,0
5/22/2007,0
5/21/2007,0
5/18/2007,0
5/17/2007,0
5/16/2007,0
5/15/2007,0
5/14/2007,0
5/11/2007,0
5/10/2007,0
5/9/2007,0
5/8/2007,0
5/7/2007,0
5/4/2007,0
5/3/2007,0
5/2/2007,0
4/30/2007,0
4/27/2007,0
4/26/2007,0
4/25/2007,0
4/24/2007,0
4/23/2007,0
4/20/2007,0
4/19/2007,0
4/18/2007,0
4/17/2007,0
4/16/2007,0
4/13/2007,0
4/12/2007,0
4/11/2007,0
4/10/2007,0
4/5/2007,0
4/4/2007,0
4/3/2007,0
4/2/2007,0
3/30/2007,0
3/29/2007,0
3/28/2007,0
3/27/2007,0
3/26/2007,0
3/23/2007,0
3/22/2007,0
3/21/2007,0
3/20/2007,0
3/19/2007,0
3/16/2007,0
3/15/2007,0
3/14/2007,0
3/13/2007,0
3/12/2007,0
3/9/2007,0
3/8/2007,0
3/7/2007,0
3/6/2007,0
3/5/2007,0
3/2/2007,0
3/1/2007,0
2/28/2007,0
2/27/2007,0
2/26/2007,0
2/23/2007,0
2/22/2007,0
2/21/2007,0
2/20/2007,0
2/19/2007,0
2/16/2007,0
2/15/2007,0
2/14/2007,0
2/13/2007,0
2/12/2007,0
2/9/2007,0
2/8/2007,0
2/7/2007,0
2/6/2007,0
2/5/2007,0
2/2/2007,0
2/1/2007,0
1/31/2007,0
1/30/2007,0
1/29/2007,0
1/26/2007,0
1/25/2007,0
1/24/2007,0
1/23/2007,0
1/22/2007,0
1/19/2007,0
1/18/2007,0
1/17/2007,0
1/16/2007,0
1/15/2007,0
1/12/2007,0
1/11/2007,0
1/10/2007,0
1/9/2007,0
1/8/2007,0
1/5/2007,0
1/4/2007,0
1/3/2007,0
1/2/2007,0
12/29/2006,0
12/28/2006,0
12/27/2006,0
12/22/2006,0
12/21/2006,0
12/20/2006,0
12/19/2006,0
12/18/2006,0
12/15/2006,0
12/14/2006,0
12/13/2006,0
12/12/2006,0
12/11/2006,0
12/8/2006,0
12/7/2006,0
12/6/2006,0
12/5/2006,0
12/4/2006,0
12/1/2006,0
11/30/2006,0
11/29/2006,0
11/28/2006,0
11/27/2006,0
11/24/2006,0
11/23/2006,0
11/22/2006,0
11/21/2006,0
11/20/2006,0
11/17/2006,0
11/16/2006,0
11/15/2006,0
11/14/2006,0
11/13/2006,0
11/10/2006,0
11/9/2006,0
11/8/2006,0
11/7/2006,0
11/6/2006,0
11/3/2006,0
11/2/2006,0
11/1/2006,0
10/31/2006,0
10/30/2006,0
10/27/2006,0
10/26/2006,0
10/25/2006,0
10/24/2006,0
10/23/2006,0
10/20/2006,0
10/19/2006,0
10/18/2006,0
10/17/2006,0
10/16/2006,0
10/13/2006,0
10/12/2006,0
10/11/2006,0
10/10/2006,0
10/9/2006,0
10/6/2006,0
10/5/2006,0
10/4/2006,0
10/3/2006,0
10/2/2006,0
9/29/2006,0
9/28/2006,0
9/27/2006,0
9/26/2006,0
9/25/2006,0
9/22/2006,0
9/21/2006,0
9/20/2006,0
9/19/2006,0
9/18/2006,0
9/15/2006,0
9/14/2006,0
9/13/2006,0
9/12/2006,0
9/11/2006,0
9/8/2006,0
9/7/2006,0
9/6/2006,0
9/5/2006,0
9/4/2006,0
9/1/2006,0
8/31/2006,0
8/30/2006,0
8/29/2006,0
8/28/2006,0
8/25/2006,0
8/24/2006,0
8/23/2006,0
8/22/2006,0
8/21/2006,0
8/18/2006,0
8/17/2006,0
8/16/2006,0
8/15/2006,0
8/14/2006,0
8/11/2006,0
8/10/2006,0
8/9/2006,0
8/8/2006,0
8/7/2006,0
8/4/2006,0
8/3/2006,0
8/2/2006,0
8/1/2006,0
7/31/2006,0
7/28/2006,0
7/27/2006,0
7/26/2006,0
7/25/2006,0
7/24/2006,0
7/21/2006,0
7/20/2006,0
7/19/2006,0
7/18/2006,0
7/17/2006,0
7/14/2006,0
7/13/2006,0
7/12/2006,0
7/11/2006,0
7/10/2006,0
7/7/2006,0
7/6/2006,0
7/5/2006,0
7/4/2006,0
7/3/2006,0
6/30/2006,0
6/29/2006,0
6/28/2006,0
6/27/2006,0
6/26/2006,0
6/23/2006,0
6/22/2006,0
6/21/2006,0
6/20/2006,0
6/19/2006,0
6/16/2006,0
6/15/2006,0
6/14/2006,0
6/13/2006,0
6/12/2006,0
6/9/2006,0
6/8/2006,0
6/7/2006,0
6/6/2006,0
6/5/2006,0
6/2/2006,0
6/1/2006,0
5/31/2006,0
5/30/2006,0
5/29/2006,0
5/26/2006,0
5/25/2006,0
5/24/2006,0
5/23/2006,0
5/22/2006,0
5/19/2006,0
5/18/2006,0
5/17/2006,0
5/16/2006,0
5/15/2006,0
5/12/2006,0
5/11/2006,0
5/10/2006,0
5/9/2006,0
5/8/2006,0
5/5/2006,0
5/4/2006,0
5/3/2006,0
5/2/2006,0
4/28/2006,0
4/27/2006,0
4/26/2006,0
4/25/2006,0
4/24/2006,0
4/21/2006,0
4/20/2006,0
4/19/2006,0
4/18/2006,0
4/13/2006,0
4/12/2006,0
4/11/2006,0
4/10/2006,0
4/7/2006,0
4/6/2006,0
4/5/2006,0
4/4/2006,0
4/3/2006,0
3/31/2006,0
3/30/2006,0
3/29/2006,0
3/28/2006,0
3/27/2006,0
3/24/2006,0
3/23/2006,0
3/22/2006,0
3/21/2006,0
3/20/2006,0
3/17/2006,0
3/16/2006,0
3/15/2006,0
3/14/2006,0
3/13/2006,0
3/10/2006,0
3/9/2006,0
3/8/2006,0
3/7/2006,0
3/6/2006,0
3/3/2006,0
3/2/2006,0
3/1/2006,0
2/28/2006,0
2/27/2006,0
2/24/2006,0
2/23/2006,0
2/22/2006,0
2/21/2006,0
2/20/2006,0
2/17/2006,0
2/16/2006,0
2/15/2006,0
2/14/2006,0
2/13/2006,0
2/10/2006,0
2/9/2006,0
2/8/2006,0
2/7/2006,0
2/6/2006,0
2/3/2006,0
2/2/2006,0
2/1/2006,0
1/31/2006,0
1/30/2006,0
1/27/2006,0
1/26/2006,0
1/25/2006,0
1/24/2006,0
1/23/2006,0
1/20/2006,0
1/19/2006,0
1/18/2006,0
1/17/2006,0
1/16/2006,0
1/13/2006,0
1/12/2006,0
1/11/2006,0
1/10/2006,0
1/9/2006,0
1/6/2006,0
1/5/2006,0
1/4/2006,0
1/3/2006,0
1/2/2006,0
12/30/2005,0
12/29/2005,0
12/28/2005,0
12/27/2005,0
12/23/2005,0
12/22/2005,0
12/21/2005,0
12/20/2005,0
12/19/2005,0
12/16/2005,0
12/15/2005,0
12/14/2005,0
12/13/2005,0
12/12/2005,0
12/9/2005,0
12/8/2005,0
12/7/2005,0
12/6/2005,0
12/5/2005,0
12/2/2005,0
12/1/2005,0
11/30/2005,0
11/29/2005,0
11/28/2005,0
11/25/2005,0
11/24/2005,0
11/23/2005,0
11/22/2005,0
11/21/2005,0
11/18/2005,0
11/17/2005,0
11/16/2005,0
11/15/2005,0
11/14/2005,0
11/11/2005,0
11/10/2005,0
11/9/2005,0
11/8/2005,0
11/7/2005,0
11/4/2005,0
11/3/2005,0
11/2/2005,0
11/1/2005,0
10/31/2005,0
10/28/2005,0
10/27/2005,0
10/26/2005,0
10/25/2005,0
10/24/2005,0
10/21/2005,0
10/20/2005,0
10/19/2005,0
10/18/2005,0
10/17/2005,0
10/14/2005,0
10/13/2005,0
10/12/2005,0
10/11/2005,0
10/10/2005,0
10/7/2005,0
10/6/2005,0
10/5/2005,0
10/4/2005,0
10/3/2005,0
9/30/2005,0
9/29/2005,0
9/28/2005,0
9/27/2005,0
9/26/2005,0
9/23/2005,0
9/22/2005,0
9/21/2005,0
9/20/2005,0
9/19/2005,0
9/16/2005,0
9/15/2005,0
9/14/2005,0
9/13/2005,0
9/12/2005,0
9/9/2005,0
9/8/2005,0
9/7/2005,0
9/6/2005,0
9/5/2005,0
9/2/2005,0
9/1/2005,0
8/31/2005,0
8/30/2005,0
8/29/2005,0
8/26/2005,0
8/25/2005,0
8/24/2005,0
8/23/2005,0
8/22/2005,0
8/19/2005,0
8/18/2005,0
8/17/2005,0
8/16/2005,0
8/15/2005,0
8/12/2005,0
8/11/2005,0
8/10/2005,0
8/9/2005,0
8/8/2005,0
8/5/2005,0
8/4/2005,0
8/3/2005,0
8/2/2005,0
8/1/2005,0
7/29/2005,0
7/28/2005,0
7/27/2005,0
7/26/2005,0
7/25/2005,0
7/22/2005,0
7/21/2005,0
7/20/2005,0
7/19/2005,0
7/18/2005,0
7/15/2005,0
7/14/2005,0
7/13/2005,0
7/12/2005,0
7/11/2005,0
7/8/2005,0
7/7/2005,0
7/6/2005,0
7/5/2005,0
7/4/2005,0
7/1/2005,0
6/30/2005,0
6/29/2005,0
6/28/2005,0
6/27/2005,0
6/24/2005,0
6/23/2005,0
6/22/2005,0
6/21/2005,0
6/20/2005,0
6/17/2005,0
6/16/2005,0
6/15/2005,0
6/14/2005,0
6/13/2005,0
6/10/2005,0
6/9/2005,0
6/8/2005,0
6/7/2005,0
6/6/2005,0
6/3/2005,0
6/2/2005,0
6/1/2005,0
5/31/2005,0
5/30/2005,0
5/27/2005,0
5/26/2005,0
5/25/2005,0
5/24/2005,0
5/23/2005,0
5/20/2005,0
5/19/2005,0
5/18/2005,0
5/17/2005,0
5/16/2005,0
5/13/2005,0
5/12/2005,0
5/11/2005,0
5/10/2005,0
5/9/2005,0
5/6/2005,0
5/5/2005,0
5/4/2005,0
5/3/2005,0
5/2/2005,0
4/29/2005,0
4/28/2005,0
4/27/2005,0
4/26/2005,0
4/25/2005,0
4/22/2005,0
4/21/2005,0
4/20/2005,0
4/19/2005,0
4/18/2005,0
4/15/2005,0
4/14/2005,0
4/13/2005,0
4/12/2005,0
4/11/2005,0
4/8/2005,0
4/7/2005,0
4/6/2005,0
4/5/2005,0
4/4/2005,0
4/1/2005,0
3/31/2005,0
3/30/2005,0
3/29/2005,0
3/24/2005,0
3/23/2005,0
3/22/2005,0
3/21/2005,0
3/18/2005,0
3/17/2005,0
3/16/2005,0
3/15/2005,0
3/14/2005,0
3/11/2005,0
3/10/2005,0
3/9/2005,0
3/8/2005,0
3/7/2005,0
3/4/2005,0
3/3/2005,0
3/2/2005,0
3/1/2005,0
2/28/2005,0
2/25/2005,0
2/24/2005,0
2/23/2005,0
2/22/2005,0
2/21/2005,0
2/18/2005,0
2/17/2005,0
2/16/2005,0
2/15/2005,0
2/14/2005,0
2/11/2005,0
2/10/2005,0
2/9/2005,0
2/8/2005,0
2/7/2005,0
2/4/2005,0
2/3/2005,0
2/2/2005,0
2/1/2005,0
1/31/2005,0
1/28/2005,0
1/27/2005,0
1/26/2005,0
1/25/2005,0
1/24/2005,0
1/21/2005,0
1/20/2005,0
1/19/2005,0
1/18/2005,0
1/17/2005,0
1/14/2005,0
1/13/2005,0
1/12/2005,0
1/11/2005,0
1/10/2005,0
1/7/2005,0
1/6/2005,0
1/5/2005,0
1/4/2005,0
1/3/2005,0
12/31/2004,0
12/30/2004,0
12/29/2004,0
12/28/2004,0
12/27/2004,0
12/24/2004,0
12/23/2004,0
12/22/2004,0
12/21/2004,0
12/20/2004,0
12/17/2004,0
12/16/2004,0
12/15/2004,0
12/14/2004,0
12/13/2004,0
12/10/2004,0
12/9/2004,0
12/8/2004,0
12/7/2004,0
12/6/2004,0
12/3/2004,0
12/2/2004,0
12/1/2004,0
11/30/2004,0
11/29/2004,0
11/26/2004,0
11/25/2004,0
11/24/2004,0
11/23/2004,0
11/22/2004,0
11/19/2004,0
11/18/2004,0
11/17/2004,0
11/16/2004,0
11/15/2004,0
11/12/2004,0
11/11/2004,0
11/10/2004,0
11/9/2004,0
11/8/2004,0
11/5/2004,0
11/4/2004,0
11/3/2004,0
11/2/2004,0
11/1/2004,0
10/29/2004,0
10/28/2004,0
10/27/2004,0
10/26/2004,0
10/25/2004,0
10/22/2004,0
10/21/2004,0
10/20/2004,0
10/19/2004,0
10/18/2004,0
10/15/2004,0
10/14/2004,0
10/13/2004,0
10/12/2004,0
10/11/2004,0
10/8/2004,0
10/7/2004,0
10/6/2004,0
10/5/2004,0
10/4/2004,0
10/1/2004,0
9/30/2004,0
9/29/2004,0
9/28/2004,0
9/27/2004,0
9/24/2004,0
9/23/2004,0
9/22/2004,0
9/21/2004,0
9/20/2004,0
9/17/2004,0
9/16/2004,0
9/15/2004,0
9/14/2004,0
9/13/2004,0
9/10/2004,0
9/9/2004,0
9/8/2004,0
9/7/2004,0
9/6/2004,0
9/3/2004,0
9/2/2004,0
9/1/2004,0
8/31/2004,0
8/30/2004,0
8/27/2004,0
8/26/2004,0
8/25/2004,0
8/24/2004,0
8/23/2004,0
8/20/2004,0
8/19/2004,0
8/18/2004,0
8/17/2004,0
8/16/2004,0
8/13/2004,0
8/12/2004,0
8/11/2004,0
8/10/2004,0
8/9/2004,0
8/6/2004,0
8/5/2004,0
8/4/2004,0
8/3/2004,0
8/2/2004,0
7/30/2004,0
7/29/2004,0
7/28/2004,0
7/27/2004,0
7/26/2004,0
7/23/2004,0
7/22/2004,0
7/21/2004,0
7/20/2004,0
7/19/2004,0
7/16/2004,0
7/15/2004,0
7/14/2004,0
7/13/2004,0
7/12/2004,0
7/9/2004,0
7/8/2004,0
7/7/2004,0
7/6/2004,0
7/5/2004,0
7/2/2004,0
7/1/2004,0
6/30/2004,0
6/29/2004,0
6/28/2004,0
6/25/2004,0
6/24/2004,0
6/23/2004,0
6/22/2004,0
6/21/2004,0
6/18/2004,0
6/17/2004,0
6/16/2004,0
6/15/2004,0
6/14/2004,0
6/11/2004,0
6/10/2004,0
6/9/2004,0
6/8/2004,0
6/7/2004,0
6/4/2004,0
6/3/2004,0
6/2/2004,0
6/1/2004,0
5/31/2004,0
5/28/2004,0
5/27/2004,0
5/26/2004,0
5/25/2004,0
5/24/2004,0
5/21/2004,0
5/20/2004,0
5/19/2004,0
5/18/2004,0
5/17/2004,0
5/14/2004,0
5/13/2004,0
5/12/2004,0
5/11/2004,0
5/10/2004,0
5/7/2004,0
5/6/2004,0
5/5/2004,0
5/4/2004,0
5/3/2004,0
4/30/2004,0
4/29/2004,0
4/28/2004,0
4/27/2004,0
4/26/2004,0
4/23/2004,0
4/22/2004,0
4/21/2004,0
4/20/2004,0
4/19/2004,0
4/16/2004,0
4/15/2004,0
4/14/2004,0
4/13/2004,0
4/8/2004,0
4/7/2004,0
4/6/2004,0
4/5/2004,0
4/2/2004,0
4/1/2004,0
3/31/2004,0
3/30/2004,0
3/29/2004,0
3/26/2004,0
3/25/2004,0
3/24/2004,0
3/23/2004,0
3/22/2004,0
3/19/2004,0
3/18/2004,0
3/17/2004,0
3/16/2004,0
3/15/2004,0
3/12/2004,0
3/11/2004,0
3/10/2004,0
3/9/2004,0
3/8/2004,0
3/5/2004,0
3/4/2004,0
3/3/2004,0
3/2/2004,0
3/1/2004,0
2/27/2004,0
2/26/2004,0
2/25/2004,0
2/24/2004,0
2/23/2004,0
2/20/2004,0
2/19/2004,0
2/18/2004,0
2/17/2004,0
2/16/2004,0
2/13/2004,0
2/12/2004,0
2/11/2004,0
2/10/2004,0
2/9/2004,0
2/6/2004,0
2/5/2004,0
2/4/2004,0
2/3/2004,0
2/2/2004,0
1/30/2004,0
1/29/2004,0
1/28/2004,0
1/27/2004,0
1/26/2004,0
1/23/2004,0
1/22/2004,0
1/21/2004,0
1/20/2004,0
1/19/2004,0
1/16/2004,0
1/15/2004,0
1/14/2004,0
1/13/2004,0
1/12/2004,0
1/9/2004,0
1/8/2004,0
1/7/2004,0
1/6/2004,0
1/5/2004,0
1/2/2004,0
12/31/2003,0
12/30/2003,0
12/29/2003,0
12/24/2003,0
12/23/2003,0
12/22/2003,0
12/19/2003,0
12/18/2003,0
12/17/2003,0
12/16/2003,0
12/15/2003,0
12/12/2003,0
12/11/2003,0
12/10/2003,0
12/9/2003,0
12/8/2003,0
12/5/2003,0
12/4/2003,0
12/3/2003,0
12/2/2003,0
12/1/2003,0
11/28/2003,0
11/27/2003,0
11/26/2003,0
11/25/2003,0
11/24/2003,0
11/21/2003,0
11/20/2003,0
11/19/2003,0
11/18/2003,0
11/17/2003,0
11/14/2003,0
11/13/2003,0
11/12/2003,0
11/11/2003,0
11/10/2003,0
11/7/2003,0
11/6/2003,0
11/5/2003,0
11/4/2003,0
11/3/2003,0
10/31/2003,0
10/30/2003,0
10/29/2003,0
10/28/2003,0
10/27/2003,0
10/24/2003,0
10/23/2003,0
10/22/2003,0
10/21/2003,0
10/20/2003,0
10/17/2003,0
10/16/2003,0
10/15/2003,0
10/14/2003,0
10/13/2003,0
10/10/2003,0
10/9/2003,0
10/8/2003,0
10/7/2003,0
10/6/2003,0
10/3/2003,0
10/2/2003,0
10/1/2003,0
9/30/2003,0
9/29/2003,0
9/26/2003,0
9/25/2003,0
9/24/2003,0
9/23/2003,0
9/22/2003,0
9/19/2003,0
9/18/2003,0
9/17/2003,0
9/16/2003,0
9/15/2003,0
9/12/2003,0
9/11/2003,0
9/10/2003,0
9/9/2003,0
9/8/2003,0
9/5/2003,0
9/4/2003,0
9/3/2003,0
9/2/2003,0
9/1/2003,0
8/29/2003,0
8/28/2003,0
8/27/2003,0
8/26/2003,0
8/25/2003,0
8/22/2003,0
8/21/2003,0
8/20/2003,0
8/19/2003,0
8/18/2003,0
8/15/2003,0
8/14/2003,0
8/13/2003,0
8/12/2003,0
8/11/2003,0
8/8/2003,0
8/7/2003,0
8/6/2003,0
8/5/2003,0
8/4/2003,0
8/1/2003,0
7/31/2003,0
7/30/2003,0
7/29/2003,0
7/28/2003,0
7/25/2003,0
7/24/2003,0
7/23/2003,0
7/22/2003,0
7/21/2003,0
7/18/2003,0
7/17/2003,0
7/16/2003,0
7/15/2003,0
7/14/2003,0
7/11/2003,0
7/10/2003,0
7/9/2003,0
7/8/2003,0
7/7/2003,0
7/4/2003,0
7/3/2003,0
7/2/2003,0
7/1/2003,0
6/30/2003,0
6/27/2003,0
6/26/2003,0
6/25/2003,0
6/24/2003,0
6/23/2003,0
6/20/2003,0
6/19/2003,0
6/18/2003,0
6/17/2003,0
6/16/2003,0
6/13/2003,0
6/12/2003,0
6/11/2003,0
6/10/2003,0
6/9/2003,0
6/6/2003,0
6/5/2003,0
6/4/2003,0
6/3/2003,0
6/2/2003,0
5/30/2003,0
5/29/2003,0
5/28/2003,0
5/27/2003,0
5/26/2003,0
5/23/2003,0
5/22/2003,0
5/21/2003,0
5/20/2003,0
5/19/2003,0
5/16/2003,0
5/15/2003,0
5/14/2003,0
5/13/2003,0
5/12/2003,0
5/9/2003,0
5/8/2003,0
5/7/2003,0
5/6/2003,0
5/5/2003,0
5/2/2003,0
4/30/2003,0
4/29/2003,0
4/28/2003,0
4/25/2003,0
4/24/2003,0
4/23/2003,0
4/22/2003,0
4/17/2003,0
4/16/2003,0
4/15/2003,0
4/14/2003,0
4/11/2003,0
4/10/2003,0
4/9/2003,0
4/8/2003,0
4/7/2003,0
4/4/2003,0
4/3/2003,0
4/2/2003,0
4/1/2003,0
3/31/2003,0
3/28/2003,0
3/27/2003,0
3/26/2003,0
3/25/2003,0
3/24/2003,0
3/21/2003,0
3/20/2003,0
3/19/2003,0
3/18/2003,0
3/17/2003,0
3/14/2003,0
3/13/2003,0
3/12/2003,0
3/11/2003,0
3/10/2003,0
3/7/2003,0
3/6/2003,0
3/5/2003,0
3/4/2003,0
3/3/2003,0
2/28/2003,0
2/27/2003,0
2/26/2003,0
2/25/2003,0
2/24/2003,0
2/21/2003,0
2/20/2003,0
2/19/2003,0
2/18/2003,0
2/17/2003,0
2/14/2003,0
2/13/2003,0
2/12/2003,0
2/11/2003,0
2/10/2003,0
2/7/2003,0
2/6/2003,0
2/5/2003,0
2/4/2003,0
2/3/2003,0
1/31/2003,0
1/30/2003,0
1/29/2003,0
1/28/2003,0
1/27/2003,0
1/24/2003,0
1/23/2003,0
1/22/2003,0
1/21/2003,0
1/20/2003,0
1/17/2003,0
1/16/2003,0
1/15/2003,0
1/14/2003,0
1/13/2003,0
1/10/2003,0
1/9/2003,0
1/8/2003,0
1/7/2003,0
1/6/2003,0
1/3/2003,0
1/2/2003,0
12/31/2002,0
12/30/2002,0
12/27/2002,0
12/24/2002,0
12/23/2002,0
12/20/2002,0
12/19/2002,0
12/18/2002,0
12/17/2002,0
12/16/2002,0
12/13/2002,0
12/12/2002,0
12/11/2002,0
12/10/2002,0
12/9/2002,0
12/6/2002,0
12/5/2002,0
12/4/2002,0
12/3/2002,0
12/2/2002,0
11/29/2002,0
11/28/2002,0
11/27/2002,0
11/26/2002,0
11/25/2002,0
11/22/2002,0
11/21/2002,0
11/20/2002,0
11/19/2002,0
11/18/2002,0
11/15/2002,0
11/14/2002,0
11/13/2002,0
11/12/2002,0
11/11/2002,0
11/8/2002,0
11/7/2002,0
11/6/2002,0
11/5/2002,0
11/4/2002,0
11/1/2002,0
10/31/2002,0
10/30/2002,0
10/29/2002,0
10/28/2002,0
10/25/2002,0
10/24/2002,0
10/23/2002,0
10/22/2002,0
10/21/2002,0
10/18/2002,0
10/17/2002,0
10/16/2002,0
10/15/2002,0
10/14/2002,0
10/11/2002,0
10/10/2002,0
10/9/2002,0
10/8/2002,0
10/7/2002,0
10/4/2002,0
10/3/2002,0
10/2/2002,0
10/1/2002,0
9/30/2002,0
9/27/2002,0
9/26/2002,0
9/25/2002,0
9/24/2002,0
9/23/2002,0
9/20/2002,0
9/19/2002,0
9/18/2002,0
9/17/2002,0
9/16/2002,0
9/13/2002,0
9/12/2002,0
9/11/2002,0
9/10/2002,0
9/9/2002,0
9/6/2002,0
9/5/2002,0
9/4/2002,0
9/3/2002,0
9/2/2002,0
8/30/2002,0
8/29/2002,0
8/28/2002,0
8/27/2002,0
8/26/2002,0
8/23/2002,0
8/22/2002,0
8/21/2002,0
8/20/2002,0
8/19/2002,0
8/16/2002,0
8/15/2002,0
8/14/2002,0
8/13/2002,0
8/12/2002,0
8/9/2002,0
8/8/2002,0
8/7/2002,0
8/6/2002,0
8/5/2002,0
8/2/2002,0
8/1/2002,0
7/31/2002,0
7/30/2002,0
7/29/2002,0
7/26/2002,0
7/25/2002,0
7/24/2002,0
7/23/2002,0
7/22/2002,0
7/19/2002,0
7/18/2002,0
7/17/2002,0
7/16/2002,0
7/15/2002,0
7/12/2002,0
7/11/2002,0
7/10/2002,0
7/9/2002,0
7/8/2002,0
7/5/2002,0
7/4/2002,0
7/3/2002,0
7/2/2002,0
7/1/2002,0
6/28/2002,0
6/27/2002,0
6/26/2002,0
6/25/2002,0
6/24/2002,0
6/21/2002,0
6/20/2002,0
6/19/2002,0
6/18/2002,0
6/17/2002,0
6/14/2002,0
6/13/2002,0
6/12/2002,0
6/11/2002,0
6/10/2002,0
6/7/2002,0
6/6/2002,0
6/5/2002,0
6/4/2002,0
6/3/2002,0
5/31/2002,0
5/30/2002,0
5/29/2002,0
5/28/2002,0
5/27/2002,0
5/24/2002,0
5/23/2002,0
5/22/2002,0
5/21/2002,0
5/20/2002,0
5/17/2002,0
5/16/2002,0
5/15/2002,0
5/14/2002,0
5/13/2002,0
5/10/2002,0
5/9/2002,0
5/8/2002,0
5/7/2002,0
5/6/2002,0
5/3/2002,0
5/2/2002,0
4/30/2002,0
4/29/2002,0
4/26/2002,0
4/25/2002,0
4/24/2002,0
4/23/2002,0
4/22/2002,0
4/19/2002,0
4/18/2002,0
4/17/2002,0
4/16/2002,0
4/15/2002,0
4/12/2002,0
4/11/2002,0
4/10/2002,0
4/9/2002,0
4/8/2002,0
4/5/2002,0
4/4/2002,0
4/3/2002,0
4/2/2002,0
3/28/2002,0
3/27/2002,0
3/26/2002,0
3/25/2002,0
3/22/2002,0
3/21/2002,0
3/20/2002,0
3/19/2002,0
3/18/2002,0
3/15/2002,0
3/14/2002,0
3/13/2002,0
3/12/2002,0
3/11/2002,0
3/8/2002,0
3/7/2002,0
3/6/2002,0
3/5/2002,0
3/4/2002,0
3/1/2002,0
2/28/2002,0
2/27/2002,0
2/26/2002,0
2/25/2002,0
2/22/2002,0
2/21/2002,0
2/20/2002,0
2/19/2002,0
2/18/2002,0
2/15/2002,0
2/14/2002,0
2/13/2002,0
2/12/2002,0
2/11/2002,0
2/8/2002,0
2/7/2002,0
2/6/2002,0
2/5/2002,0
2/4/2002,0
2/1/2002,0
1/31/2002,0
1/30/2002,0
1/29/2002,0
1/28/2002,0
1/25/2002,0
1/24/2002,0
1/23/2002,0
1/22/2002,0
1/21/2002,0
1/18/2002,0
1/17/2002,0
1/16/2002,0
1/15/2002,0
1/14/2002,0
1/11/2002,0
1/10/2002,0
1/9/2002,0
1/8/2002,0
1/7/2002,0
1/4/2002,0
1/3/2002,0
1/2/2002,0
12/28/2001,0
12/27/2001,0
12/24/2001,0
12/21/2001,0
12/20/2001,0
12/19/2001,0
12/18/2001,0
12/17/2001,0
12/14/2001,0
12/13/2001,0
12/12/2001,0
12/11/2001,0
12/10/2001,0
12/7/2001,0
12/6/2001,0
12/5/2001,0
12/4/2001,0
12/3/2001,0
11/30/2001,0
11/29/2001,0
11/28/2001,0
11/27/2001,0
11/26/2001,0
11/23/2001,0
11/22/2001,0
11/21/2001,0
11/20/2001,0
11/19/2001,0
11/16/2001,0
11/15/2001,0
11/14/2001,0
11/13/2001,0
11/12/2001,0
11/9/2001,0
11/8/2001,0
11/7/2001,0
11/6/2001,0
11/5/2001,0
11/2/2001,0
11/1/2001,0
10/31/2001,0
10/30/2001,0
10/29/2001,0
10/26/2001,0
10/25/2001,0
10/24/2001,0
10/23/2001,0
10/22/2001,0
10/19/2001,0
10/18/2001,0
10/17/2001,0
10/16/2001,0
10/15/2001,0
10/12/2001,0
10/11/2001,0
10/10/2001,0
10/9/2001,0
10/8/2001,0
10/5/2001,0
10/4/2001,0
10/3/2001,0
10/2/2001,0
10/1/2001,0
9/28/2001,0
9/27/2001,0
9/26/2001,0
9/25/2001,0
9/24/2001,0
9/21/2001,0
9/20/2001,0
9/19/2001,0
9/18/2001,0
9/17/2001,0
9/14/2001,0
9/13/2001,0
9/12/2001,0
9/11/2001,0
9/10/2001,0
9/7/2001,0
9/6/2001,0
9/5/2001,0
9/4/2001,0
9/3/2001,0
8/31/2001,0
8/30/2001,0
8/29/2001,0
8/28/2001,0
8/27/2001,0
8/24/2001,0
8/23/2001,0
8/22/2001,0
8/21/2001,0
8/20/2001,0
8/17/2001,0
8/16/2001,0
8/15/2001,0
8/14/2001,0
8/13/2001,0
8/10/2001,0
8/9/2001,0
8/8/2001,0
8/7/2001,0
8/6/2001,0
8/3/2001,0
8/2/2001,0
8/1/2001,0
7/31/2001,0
7/30/2001,0
7/27/2001,0
7/26/2001,0
7/25/2001,0
7/24/2001,0
7/23/2001,0
7/20/2001,0
7/19/2001,0
7/18/2001,0
7/17/2001,0
7/16/2001,0
7/13/2001,0
7/12/2001,0
7/11/2001,0
7/10/2001,0
7/9/2001,0
7/6/2001,0
7/5/2001,0
7/4/2001,0
7/3/2001,0
7/2/2001,0
6/29/2001,0
6/28/2001,0
6/27/2001,0
6/26/2001,0
6/25/2001,0
6/22/2001,0
6/21/2001,0
6/20/2001,0
6/19/2001,0
6/18/2001,0
6/15/2001,0
6/14/2001,0
6/13/2001,0
6/12/2001,0
6/11/2001,0
6/8/2001,0
6/7/2001,0
6/6/2001,0
6/5/2001,0
6/4/2001,0
6/1/2001,0
5/31/2001,0
5/30/2001,0
5/29/2001,0
5/28/2001,0
5/25/2001,0
5/24/2001,0
5/23/2001,0
5/22/2001,0
5/21/2001,0
5/18/2001,0
5/17/2001,0
5/16/2001,0
5/15/2001,0
5/14/2001,0
5/11/2001,0
5/10/2001,0
5/9/2001,0
5/8/2001,0
5/7/2001,0
5/4/2001,0
5/3/2001,0
5/2/2001,0
4/30/2001,0
4/27/2001,0
4/26/2001,0
4/25/2001,0
4/24/2001,0
4/23/2001,0
4/20/2001,0
4/19/2001,0
4/18/2001,0
4/17/2001,0
4/12/2001,0
4/11/2001,0
4/10/2001,0
4/9/2001,0
4/6/2001,0
4/5/2001,0
4/4/2001,0
4/3/2001,0
4/2/2001,0
3/30/2001,0
3/29/2001,0
3/28/2001,0
3/27/2001,0
3/26/2001,0
3/23/2001,0
3/22/2001,0
3/21/2001,0
3/20/2001,0
3/19/2001,0
3/16/2001,0
3/15/2001,0
3/14/2001,0
3/13/2001,0
3/12/2001,0
3/9/2001,0
3/8/2001,0
3/7/2001,0
3/6/2001,0
3/5/2001,0
3/2/2001,0
3/1/2001,0
2/28/2001,0
2/27/2001,0
2/26/2001,0
2/23/2001,0
2/22/2001,0
2/21/2001,0
2/20/2001,0
2/19/2001,0
2/16/2001,0
2/15/2001,0
2/14/2001,0
2/13/2001,0
2/12/2001,0
2/9/2001,0
2/8/2001,0
2/7/2001,0
2/6/2001,0
2/5/2001,0
2/2/2001,0
2/1/2001,0
1/31/2001,0
1/30/2001,0
1/29/2001,0
1/26/2001,0
1/25/2001,0
1/24/2001,0
1/23/2001,0
1/22/2001,0
1/19/2001,0
1/18/2001,0
1/17/2001,0
1/16/2001,0
1/15/2001,0
1/12/2001,0
1/11/2001,0
1/10/2001,0
1/9/2001,0
1/8/2001,0
1/5/2001,0
1/4/2001,0
1/3/2001,0
1/2/2001,0
12/29/2000,0
12/28/2000,0
12/27/2000,0
12/22/2000,0
12/21/2000,0
12/20/2000,0
12/19/2000,0
12/18/2000,0
12/15/2000,0
12/14/2000,0
12/13/2000,0
12/12/2000,0
12/11/2000,0
12/8/2000,0
12/7/2000,0
12/6/2000,0
12/5/2000,0
12/4/2000,0
12/1/2000,0
11/30/2000,0
11/29/2000,0
11/28/2000,0
11/27/2000,0
11/24/2000,0
11/23/2000,0
11/22/2000,0
11/21/2000,0
11/20/2000,0
11/17/2000,0
11/16/2000,0
11/15/2000,0
11/14/2000,0
11/13/2000,0
11/10/2000,0
11/9/2000,0
11/8/2000,0
11/7/2000,0
11/6/2000,0
11/3/2000,0
11/2/2000,0
11/1/2000,0
10/31/2000,0
10/30/2000,0
10/27/2000,0
10/26/2000,0
10/25/2000,0
10/24/2000,0
10/23/2000,0
10/20/2000,0
10/19/2000,0
10/18/2000,0
10/17/2000,0
10/16/2000,0
10/13/2000,0
10/12/2000,0
10/11/2000,0
10/10/2000,0
10/9/2000,0
10/6/2000,0
10/5/2000,0
10/4/2000,0
10/3/2000,0
10/2/2000,0
9/29/2000,0
9/28/2000,0
9/27/2000,0
9/26/2000,0
9/25/2000,0
9/22/2000,0
9/21/2000,0
9/20/2000,0
9/19/2000,0
9/18/2000,0
9/15/2000,0
9/14/2000,0
9/13/2000,0
9/12/2000,0
9/11/2000,0
9/8/2000,0
9/7/2000,0
9/6/2000,0
9/5/2000,0
9/4/2000,0
9/1/2000,0
8/31/2000,0
8/30/2000,0
8/29/2000,0
8/28/2000,0
8/25/2000,0
8/24/2000,0
8/23/2000,0
8/22/2000,0
8/21/2000,0
8/18/2000,0
8/17/2000,0
8/16/2000,0
8/15/2000,0
8/14/2000,0
8/11/2000,0
8/10/2000,0
8/9/2000,0
8/8/2000,0
8/7/2000,0
8/4/2000,0
8/3/2000,0
8/2/2000,0
8/1/2000,0
7/31/2000,0
7/28/2000,0
7/27/2000,0
7/26/2000,0
7/25/2000,0
7/24/2000,0
7/21/2000,0
7/20/2000,0
7/19/2000,0
7/18/2000,0
7/17/2000,0
7/14/2000,0
7/13/2000,0
7/12/2000,0
7/11/2000,0
7/10/2000,0
7/7/2000,0
7/6/2000,0
7/5/2000,0
7/4/2000,0
7/3/2000,0
6/30/2000,0
6/29/2000,0
6/28/2000,0
6/27/2000,0
6/26/2000,0
6/23/2000,0
6/22/2000,0
6/21/2000,0
6/20/2000,0
6/19/2000,0
6/16/2000,0
6/15/2000,0
6/14/2000,0
6/13/2000,0
6/12/2000,0
6/9/2000,0
6/8/2000,0
6/7/2000,0
6/6/2000,0
6/5/2000,0
6/2/2000,0
6/1/2000,0
5/31/2000,0
5/30/2000,0
5/29/2000,0
5/26/2000,0
5/25/2000,0
5/24/2000,0
5/23/2000,0
5/22/2000,0
5/19/2000,0
5/18/2000,0
5/17/2000,0
5/16/2000,0
5/15/2000,0
5/12/2000,0
5/11/2000,0
5/10/2000,0
5/9/2000,0
5/8/2000,0
5/5/2000,0
5/4/2000,0
5/3/2000,0
5/2/2000,0
4/28/2000,0
4/27/2000,0
4/26/2000,0
4/25/2000,0
4/20/2000,0
4/19/2000,0
4/18/2000,0
4/17/2000,0
4/14/2000,0
4/13/2000,0
4/12/2000,0
4/11/2000,0
4/10/2000,0
4/7/2000,0
4/6/2000,0
4/5/2000,0
4/4/2000,0
4/3/2000,0
3/31/2000,0
3/30/2000,0
3/29/2000,0
3/28/2000,0
3/27/2000,0
3/24/2000,0
3/23/2000,0
3/22/2000,0
3/21/2000,0
3/20/2000,0
3/17/2000,0
3/16/2000,0
3/15/2000,0
3/14/2000,0
3/13/2000,0
3/10/2000,0
3/9/2000,0
3/8/2000,0
3/7/2000,0
3/6/2000,0
3/3/2000,0
3/2/2000,0
3/1/2000,0
2/29/2000,0
2/28/2000,0
2/25/2000,0
2/24/2000,0
2/23/2000,0
2/22/2000,0
2/21/2000,0
2/18/2000,0
2/17/2000,0
2/16/2000,0
2/15/2000,0
2/14/2000,0
2/11/2000,0
2/10/2000,0
2/9/2000,0
2/8/2000,0
2/7/2000,0
2/4/2000,0
2/3/2000,0
2/2/2000,0
2/1/2000,0
1/31/2000,0
1/28/2000,0
1/27/2000,0
1/26/2000,0
1/25/2000,0
1/24/2000,0
1/21/2000,0
1/20/2000,0
1/19/2000,0
1/18/2000,0
1/17/2000,0
1/14/2000,0
1/13/2000,0
1/12/2000,0
1/11/2000,0
1/10/2000,0
1/7/2000,0
1/6/2000,0
1/5/2000,0
1/4/2000,0
1/3/2000,0
12/30/1999,0
12/29/1999,0
12/28/1999,0
12/27/1999,0
12/24/1999,0
12/23/1999,0
12/22/1999,0
12/21/1999,0
12/20/1999,0
12/17/1999,0
12/16/1999,0
12/15/1999,0
12/14/1999,0
12/13/1999,0
12/10/1999,0
12/9/1999,0
12/8/1999,0
12/7/1999,0
12/6/1999,0
12/3/1999,0
12/2/1999,0
12/1/1999,0
11/30/1999,0
11/29/1999,0
11/26/1999,0
11/25/1999,0
11/24/1999,0
11/23/1999,0
11/22/1999,0
11/19/1999,0
11/18/1999,0
11/17/1999,0
11/16/1999,0
11/15/1999,0
11/12/1999,0
11/11/1999,0
11/10/1999,0
11/9/1999,0
11/8/1999,0
11/5/1999,0
11/4/1999,0
11/3/1999,0
11/2/1999,0
11/1/1999,0
10/29/1999,0
10/28/1999,0
10/27/1999,0
10/26/1999,0
10/25/1999,0
10/22/1999,0
10/21/1999,0
10/20/1999,0
10/19/1999,0
10/18/1999,0
10/15/1999,0
10/14/1999,0
10/13/1999,0
10/12/1999,0
10/11/1999,0
10/8/1999,0
10/7/1999,0
10/6/1999,0
10/5/1999,0
10/4/1999,0
10/1/1999,0
9/30/1999,0
9/29/1999,0
9/28/1999,0
9/27/1999,0
9/24/1999,0
9/23/1999,0
9/22/1999,0
9/21/1999,0
9/20/1999,0
9/17/1999,0
9/16/1999,0
9/15/1999,0
9/14/1999,0
9/13/1999,0
9/10/1999,0
9/9/1999,0
9/8/1999,0
9/7/1999,0
9/6/1999,0
9/3/1999,0
9/2/1999,0
9/1/1999,0
8/31/1999,0
8/30/1999,0
8/27/1999,0
8/26/1999,0
8/25/1999,0
8/24/1999,0
8/23/1999,0
8/20/1999,0
8/19/1999,0
8/18/1999,0
8/17/1999,0
8/16/1999,0
8/13/1999,0
8/12/1999,0
8/11/1999,0
8/10/1999,0
8/9/1999,0
8/6/1999,0
8/5/1999,0
8/4/1999,0
8/3/1999,0
8/2/1999,0
7/30/1999,0
7/29/1999,0
7/28/1999,0
7/27/1999,0
7/26/1999,0
7/23/1999,0
7/22/1999,0
7/21/1999,0
7/20/1999,0
7/19/1999,0
7/16/1999,0
7/15/1999,0
7/14/1999,0
7/13/1999,0
7/12/1999,0
7/9/1999,0
7/8/1999,0
7/7/1999,0
7/6/1999,0
7/5/1999,0
7/2/1999,0
7/1/1999,0
6/30/1999,0
6/29/1999,0
6/28/1999,0
6/25/1999,0
6/24/1999,0
6/23/1999,0
6/22/1999,0
6/21/1999,0
6/18/1999,0
6/17/1999,0
6/16/1999,0
6/15/1999,0
6/14/1999,0
6/11/1999,0
6/10/1999,0
6/9/1999,0
6/8/1999,0
6/7/1999,0
6/4/1999,0
6/3/1999,0
6/2/1999,0
6/1/1999,0
5/31/1999,0
5/28/1999,0
5/27/1999,0
5/26/1999,0
5/25/1999,0
5/24/1999,0
5/21/1999,0
5/20/1999,0
5/19/1999,0
5/18/1999,0
5/17/1999,0
5/14/1999,0
5/13/1999,0
5/12/1999,0
5/11/1999,0
5/10/1999,0
5/7/1999,0
5/6/1999,0
5/5/1999,0
5/4/1999,0
5/3/1999,0
4/30/1999,0
4/29/1999,0
4/28/1999,0
4/27/1999,0
4/26/1999,0
4/23/1999,0
4/22/1999,0
4/21/1999,0
4/20/1999,0
4/19/1999,0
4/16/1999,0
4/15/1999,0
4/14/1999,0
4/13/1999,0
4/12/1999,0
4/9/1999,0
4/8/1999,0
4/7/1999,0
4/6/1999,0
4/5/1999,0
4/2/1999,0
4/1/1999,0
3/31/1999,0
3/30/1999,0
3/29/1999,0
3/26/1999,0
3/25/1999,0
3/24/1999,0
3/23/1999,0
3/22/1999,0
3/19/1999,0
3/18/1999,0
3/17/1999,0
3/16/1999,0
3/15/1999,0
3/12/1999,0
3/11/1999,0
3/10/1999,0
3/9/1999,0
3/8/1999,0
3/5/1999,0
3/4/1999,0
3/3/1999,0
3/2/1999,0
3/1/1999,0
2/26/1999,0
2/25/1999,0
2/24/1999,0
2/23/1999,0
2/22/1999,0
2/19/1999,0
2/18/1999,0
2/17/1999,0
2/16/1999,0
2/15/1999,0
2/12/1999,0
2/11/1999,0
2/10/1999,0
2/9/1999,0
2/8/1999,0
2/5/1999,0
2/4/1999,0
2/3/1999,0
2/2/1999,0
2/1/1999,0
1/29/1999,0
1/28/1999,0
1/27/1999,0
1/26/1999,0
1/25/1999,0
1/22/1999,0
1/21/1999,0
1/20/1999,0
1/19/1999,0
1/18/1999,0
1/15/1999,0
1/14/1999,0
1/13/1999,0
1/12/1999,0
1/11/1999,0
1/8/1999,0
1/7/1999,0
1/6/1999,0
1/5/1999,0
1/4/1999,0
